90001,1003,2026-09-24 17:20:01,view,1
90002,1174,2026-09-24 11:03:58,view,2
90003,1174,2026-09-24 11:33:45,view,3
90004,1174,2026-09-24 09:59:00,cart,4
90005,1174,2026-09-24 11:25:31,cart,5
90006,1074,2026-09-24 19:59:54,view,6
90007,1074,2026-09-24 14:40:53,search,7
90008,1074,2026-09-24 15:45:40,cart,8
90009,1255,2026-09-24 21:44:54,cart,9
90010,1255,2026-09-24 12:03:58,cart,10
90011,1148,2026-09-24 12:51:27,view,11
90012,1148,2026-09-24 17:17:54,cart,12
90013,1148,2026-09-24 08:07:03,cart,13
90014,1148,2026-09-24 11:21:46,view,14
90015,1269,2026-09-24 16:14:04,view,15
90016,1269,2026-09-24 16:41:31,view,16
90017,1055,2026-09-24 12:49:42,view,17
90018,1055,2026-09-24 10:58:17,cart,18
90019,1055,2026-09-24 13:48:01,search,19
90020,1199,2026-09-24 17:08:09,cart,20
90021,1199,2026-09-24 10:17:48,cart,21
90022,1199,2026-09-24 10:30:19,view,22
90023,1265,2026-09-24 18:46:51,view,23
90024,1153,2026-09-24 13:42:56,view,24
90025,1153,2026-09-24 10:53:40,view,25
90026,1027,2026-09-24 18:45:53,view,26
90027,1027,2026-09-24 13:55:20,search,27
90028,1010,2026-09-24 21:17:07,view,28
90029,1010,2026-09-24 13:59:02,view,29
90030,1010,2026-09-24 14:56:39,view,30
90031,1244,2026-09-24 11:54:34,view,31
90032,1244,2026-09-24 21:26:57,view,32
90033,1244,2026-09-24 20:00:02,view,33
90034,1244,2026-09-24 18:08:11,view,34
90035,1193,2026-09-24 17:50:13,cart,35
90036,1064,2026-09-24 15:22:53,cart,36
90037,1064,2026-09-24 13:37:48,view,37
90038,1064,2026-09-24 17:15:20,search,38
90039,1064,2026-09-24 18:53:59,view,39
90040,1066,2026-09-24 14:56:04,search,40
90041,1066,2026-09-24 18:04:04,search,41
90042,1066,2026-09-24 08:09:39,view,42
90043,1262,2026-09-24 13:45:21,view,43
90044,1262,2026-09-24 10:29:17,search,44
90045,1262,2026-09-24 14:36:58,view,45
90046,1262,2026-09-24 18:09:25,view,46
90047,1030,2026-09-24 09:24:48,view,47
90048,1030,2026-09-24 13:41:17,cart,48
90049,1116,2026-09-24 15:56:49,cart,49
90050,1116,2026-09-24 12:48:18,search,50
90051,1116,2026-09-24 15:44:14,view,51
90052,1252,2026-09-24 11:32:49,view,52
90053,1298,2026-09-24 13:48:43,search,53
90054,1298,2026-09-24 21:12:38,cart,54
90055,1298,2026-09-24 13:59:21,search,55
90056,1298,2026-09-24 15:44:04,view,56
90057,1119,2026-09-24 14:02:35,search,57
90058,1119,2026-09-24 09:25:21,cart,58
90059,1156,2026-09-24 12:46:17,view,59
90060,1156,2026-09-24 09:16:39,search,60
90061,1175,2026-09-24 17:57:15,cart,61
90062,1171,2026-09-24 10:14:41,view,62
90063,1019,2026-09-24 14:32:40,search,63
90064,1019,2026-09-24 21:48:38,view,64
90065,1130,2026-09-24 19:18:58,view,65
90066,1130,2026-09-24 21:34:01,cart,66
90067,1130,2026-09-24 19:01:29,view,67
90068,1130,2026-09-24 11:02:47,view,68
90069,1095,2026-09-24 17:59:40,cart,69
90070,1095,2026-09-24 08:03:37,view,70
90071,1095,2026-09-24 16:32:37,search,71
90072,1095,2026-09-24 19:29:52,view,72
90073,1261,2026-09-24 15:37:27,cart,73
90074,1261,2026-09-24 21:54:15,cart,74
90075,1261,2026-09-24 10:35:14,search,75
90076,1020,2026-09-24 10:38:34,cart,76
90077,1020,2026-09-24 16:21:07,view,77
90078,1020,2026-09-24 15:41:37,search,78
90079,1164,2026-09-24 09:45:24,cart,79
90080,1164,2026-09-24 13:59:48,search,80
90081,1164,2026-09-24 12:10:36,search,81
90082,1232,2026-09-24 17:23:33,search,82
90083,1232,2026-09-24 19:29:55,cart,83
90084,1232,2026-09-24 11:34:55,view,84
90085,1232,2026-09-24 12:57:14,search,85
90086,1185,2026-09-24 19:57:37,search,86
90087,1185,2026-09-24 17:10:57,search,87
90088,1017,2026-09-24 19:05:08,view,88
90089,1017,2026-09-24 15:48:33,view,89
90090,1017,2026-09-24 10:09:41,search,90
90091,1098,2026-09-24 11:15:46,search,91
90092,1098,2026-09-24 16:49:13,view,92
90093,1044,2026-09-24 17:40:10,view,93
90094,1044,2026-09-24 10:04:30,view,94
90095,1166,2026-09-24 12:35:15,search,95
90096,1166,2026-09-24 11:49:05,search,96
90097,1166,2026-09-24 18:01:31,view,97
90098,1166,2026-09-24 14:57:51,view,98
90099,1149,2026-09-24 10:36:13,search,99
90100,1155,2026-09-24 13:24:58,search,100
90101,1155,2026-09-24 12:14:13,view,101
90102,1155,2026-09-24 17:47:43,view,102
90103,1235,2026-09-24 12:09:57,cart,103
90104,1111,2026-09-24 20:38:26,cart,104
90105,1111,2026-09-24 11:19:03,view,105
90106,1111,2026-09-24 15:21:55,cart,106
90107,1111,2026-09-24 15:38:35,cart,107
90108,1065,2026-09-24 13:14:27,view,108
90109,1065,2026-09-24 14:18:33,view,109
90110,1065,2026-09-24 12:21:50,view,110
90111,1161,2026-09-24 21:12:31,view,111
90112,1161,2026-09-24 18:14:08,view,112
90112,1161,2026-09-24 18:14:08,view,113
90113,1161,2026-09-24 10:18:43,search,114
90114,1208,2026-09-24 11:48:19,cart,115
90115,1208,2026-09-24 19:48:59,cart,116
90116,1208,2026-09-24 16:23:03,search,117
90117,1208,2026-09-24 09:38:37,search,118
90118,1076,2026-09-24 17:54:36,cart,119
90119,1076,2026-09-24 18:56:35,view,120
90120,1076,2026-09-24 14:27:45,view,121
90121,1297,2026-09-24 14:41:48,search,122
90122,1079,2026-09-24 12:42:21,view,123
90123,1079,2026-09-24 17:33:34,view,124
90124,1079,2026-09-24 10:16:34,cart,125
90125,1133,2026-09-24 21:20:33,view,126
90126,1133,2026-09-24 21:34:58,view,127
90127,1133,2026-09-24 20:57:50,view,128
90128,1051,2026-09-24 08:35:54,search,129
90129,1051,2026-09-24 13:47:11,view,130
90130,1080,2026-09-24 12:40:01,view,131
90131,1286,2026-09-24 17:44:01,view,132
90132,1047,2026-09-24 12:24:35,view,133
90133,1047,2026-09-24 08:40:24,cart,134
90134,1031,2026-09-24 18:51:31,search,135
90135,1031,2026-09-24 08:15:18,view,136
90136,1253,2026-09-24 11:20:39,view,137
90137,1216,2026-09-24 09:43:32,cart,138
90138,1216,2026-09-24 11:47:15,view,139
90139,1140,2026-09-24 15:43:55,view,140
90140,1289,2026-09-24 08:10:59,view,141
90141,1289,2026-09-24 12:43:18,view,142
90142,1289,2026-09-24 15:02:06,search,143
90143,1289,2026-09-24 18:58:33,search,144
90144,1141,2026-09-24 10:34:25,search,145
90145,1141,2026-09-24 16:10:13,cart,146
90146,1141,2026-09-24 21:24:28,search,147
90147,1141,2026-09-24 18:50:53,search,148
90148,1021,2026-09-24 10:14:47,view,149
90149,1021,2026-09-24 16:26:19,search,150
90150,1021,2026-09-24 08:13:13,search,151
90151,1021,2026-09-24 09:30:45,search,152
90152,1132,2026-09-24 08:54:37,cart,153
90153,1132,2026-09-24 13:07:28,cart,154
90154,1192,2026-09-24 15:09:51,view,155
90155,1192,2026-09-24 18:51:52,view,156
90156,1192,2026-09-24 17:01:57,cart,157
90157,1192,2026-09-24 18:57:23,view,158
90158,1046,2026-09-24 14:21:17,search,159
90159,1046,2026-09-24 13:20:46,search,160
90160,1109,2026-09-24 14:11:00,cart,161
90161,1300,2026-09-24 20:06:44,view,162
90162,1300,2026-09-24 14:37:35,cart,163
90163,1300,2026-09-24 08:51:21,view,164
90164,1254,2026-09-24 21:00:02,view,165
90165,1209,2026-09-24 17:07:46,view,166
90166,1209,2026-09-24 14:15:14,view,167
90167,1209,2026-09-24 14:17:27,view,168
90168,1209,2026-09-24 20:36:59,cart,169
90169,1195,2026-09-24 10:57:30,cart,170
90170,1195,2026-09-24 10:59:15,view,171
90171,1195,2026-09-24 21:34:53,view,172
90172,1195,2026-09-24 09:42:54,view,173
90173,1008,2026-09-24 09:13:24,view,174
90174,1008,2026-09-24 09:13:40,cart,175
90175,1008,2026-09-24 08:30:37,view,176
90176,1008,2026-09-24 16:32:49,cart,177
90177,1178,2026-09-24 16:16:54,view,178
90178,1178,2026-09-24 15:44:10,search,179
90179,1058,2026-09-24 17:46:26,view,180
90180,1062,2026-09-24 21:10:11,view,181
90181,1062,2026-09-24 09:59:54,view,182
90182,1062,2026-09-24 14:31:30,cart,183
90183,1224,2026-09-24 17:53:34,search,184
90184,1224,2026-09-24 11:26:33,view,185
90185,1224,2026-09-24 19:41:45,search,186
90186,1224,2026-09-24 12:30:02,view,187
90187,1243,2026-09-24 15:46:31,view,188
90188,1243,2026-09-24 12:00:04,search,189
90189,1243,2026-09-24 16:14:04,cart,190
90190,1243,2026-09-24 21:42:53,view,191
90191,1186,2026-09-24 21:58:15,search,192
90192,1186,2026-09-24 21:36:01,search,193
90193,1186,2026-09-24 14:19:30,cart,194
90194,1186,2026-09-24 08:08:44,view,195
90195,1180,2026-09-24 13:32:54,search,196
90196,1207,2026-09-24 18:07:51,search,197
90197,1024,2026-09-24 10:00:03,search,198
90198,1024,2026-09-24 19:18:42,cart,199
90199,1167,2026-09-24 17:22:11,search,200
90200,1128,2026-09-24 09:32:10,search,201
90201,1128,2026-09-24 20:15:22,view,202
90201,1128,2026-09-24 20:15:22,view,203
90202,1293,2026-09-24 11:45:59,view,204
90203,1011,2026-09-24 19:57:44,view,205
90204,1011,2026-09-24 17:11:26,view,206
90205,1011,2026-09-24 15:58:08,search,207
90206,1240,2026-09-24 08:40:14,view,208
90207,1240,2026-09-24 09:25:01,view,209
90208,1240,2026-09-24 19:01:56,search,210
90209,1106,2026-09-24 14:42:08,cart,211
90210,1106,2026-09-24 13:19:35,view,212
90211,1106,2026-09-24 08:25:48,search,213
90212,1106,2026-09-24 13:22:01,view,214
90213,1205,2026-09-24 18:16:12,view,215
90214,1205,2026-09-24 10:41:18,view,216
90215,1127,2026-09-24 18:29:10,view,217
90216,1127,2026-09-24 21:13:18,view,218
90216,1127,2026-09-24 21:13:18,view,219
90217,1127,2026-09-24 18:44:47,view,220
90218,1129,2026-09-24 14:26:35,view,221
90219,1129,2026-09-24 17:12:24,search,222
90220,1129,2026-09-24 12:41:24,view,223
90221,1134,2026-09-24 08:51:19,view,224
90222,1191,2026-09-24 19:24:21,view,225
90223,1191,2026-09-24 20:32:09,cart,226
90224,1191,2026-09-24 13:37:34,view,227
90225,1063,2026-09-24 13:50:31,cart,228
90226,1063,2026-09-24 13:24:07,cart,229
90227,1063,2026-09-24 18:25:14,search,230
90228,1136,2026-09-24 14:45:49,view,231
90229,1085,2026-09-24 09:55:39,cart,232
90230,1085,2026-09-24 20:20:27,search,233
90231,1151,2026-09-24 21:28:44,cart,234
90232,1151,2026-09-24 09:11:38,cart,235
90233,1151,2026-09-24 12:49:42,cart,236
90234,1108,2026-09-24 11:27:26,view,237
90235,1108,2026-09-24 09:51:14,view,238
90236,1067,2026-09-24 15:35:57,cart,239
90237,1067,2026-09-24 08:09:39,view,240
90238,1295,2026-09-24 17:55:39,view,241
90239,1295,2026-09-24 21:47:06,search,242
90240,1229,2026-09-24 11:16:02,view,243
90241,1292,2026-09-24 18:01:58,search,244
90242,1292,2026-09-24 19:55:39,search,245
90243,1292,2026-09-24 13:46:35,search,246
90244,1005,2026-09-24 10:19:25,cart,247
90245,1005,2026-09-24 14:14:41,view,248
90246,1005,2026-09-24 20:52:16,search,249
90247,1084,2026-09-24 09:37:43,view,250
90248,1013,2026-09-24 11:22:27,search,251
90249,1258,2026-09-24 13:50:22,view,252
90250,1258,2026-09-24 19:18:01,view,253
90251,1258,2026-09-24 21:25:19,cart,254
90252,1231,2026-09-24 16:09:08,search,255
90253,1231,2026-09-24 21:38:01,search,256
90254,1231,2026-09-24 10:26:01,view,257
90255,1231,2026-09-24 16:30:49,view,258
90256,1222,2026-09-24 21:03:37,view,259
90257,1222,2026-09-24 20:43:43,view,260
90258,1052,2026-09-24 13:26:00,view,261
90259,1107,2026-09-24 10:17:26,view,262
90260,1107,2026-09-24 21:20:10,cart,263
90261,1107,2026-09-24 14:08:39,cart,264
90262,1107,2026-09-24 10:44:42,view,265
90263,1212,2026-09-24 11:21:17,search,266
90264,1212,2026-09-24 18:28:18,search,267
90265,1048,2026-09-24 16:50:33,view,268
90266,1048,2026-09-24 19:40:49,cart,269
90266,1048,2026-09-24 19:40:49,cart,270
90267,1048,2026-09-24 13:52:42,cart,271
90268,1190,2026-09-24 10:51:39,view,272
90269,1190,2026-09-24 11:01:52,view,273
90270,1114,2026-09-24 14:20:53,view,274
90271,1114,2026-09-24 18:26:36,cart,275
90272,1126,2026-09-24 14:16:44,view,276
90273,1126,2026-09-24 11:33:35,search,277
90274,1126,2026-09-24 13:07:30,search,278
90275,1290,2026-09-24 10:43:21,view,279
90276,1290,2026-09-24 11:45:52,search,280
90277,1225,2026-09-24 10:38:12,search,281
90278,1225,2026-09-24 08:20:23,view,282
90279,1225,2026-09-24 10:44:47,view,283
90280,1203,2026-09-24 14:19:05,cart,284
90281,1203,2026-09-24 09:07:44,view,285
90282,1203,2026-09-24 16:07:00,view,286
90283,1257,2026-09-24 18:21:11,view,287
90284,1257,2026-09-24 18:38:36,cart,288
90285,1274,2026-09-24 18:45:56,view,289
90286,1137,2026-09-24 21:14:35,view,290
90287,1137,2026-09-24 09:19:03,view,291
90288,1137,2026-09-24 10:16:55,search,292
90289,1137,2026-09-24 12:36:22,cart,293
90290,1275,2026-09-24 17:34:03,view,294
90291,1034,2026-09-24 19:25:18,view,295
90292,1034,2026-09-24 18:52:31,search,296
90293,1034,2026-09-24 15:35:42,view,297
90294,1034,2026-09-24 16:27:55,view,298
90295,1226,2026-09-24 16:57:25,search,299
90296,1226,2026-09-24 11:13:28,view,300
90297,1194,2026-09-24 11:32:39,search,301
90298,1194,2026-09-24 13:14:18,view,302
90299,1194,2026-09-24 12:25:13,search,303
90300,1194,2026-09-24 11:12:53,view,304
90301,1177,2026-09-24 19:47:22,view,305
90302,1177,2026-09-24 16:19:58,view,306
90303,1177,2026-09-24 21:55:22,search,307
90304,1022,2026-09-24 21:37:28,view,308
90305,1022,2026-09-24 11:04:16,view,309
90306,1022,2026-09-24 15:20:35,view,310
90307,1022,2026-09-24 14:19:11,cart,311
90308,1214,2026-09-24 18:34:15,view,312
90309,1214,2026-09-24 18:30:53,search,313
90310,1214,2026-09-24 18:50:52,view,314
90311,1214,2026-09-24 14:45:37,search,315
90312,1101,2026-09-24 09:04:04,cart,316
90313,1101,2026-09-24 19:29:39,cart,317
90314,1101,2026-09-24 08:56:35,cart,318
90315,1213,2026-09-24 15:27:54,cart,319
90316,1197,2026-09-24 20:40:09,cart,320
90317,1197,2026-09-24 09:00:04,view,321
90318,1197,2026-09-24 19:22:29,view,322
90319,1197,2026-09-24 11:14:42,view,323
90320,1015,2026-09-24 10:43:21,view,324
90321,1015,2026-09-24 16:15:28,view,325
90322,1015,2026-09-24 14:45:13,view,326
90323,1170,2026-09-24 11:12:24,cart,327
90324,1170,2026-09-24 20:33:02,cart,328
90325,1234,2026-09-24 11:28:17,view,329
90326,1234,2026-09-24 16:49:18,view,330
90327,1264,2026-09-24 13:18:38,search,331
90328,1165,2026-09-24 13:26:46,view,332
90329,1165,2026-09-24 11:26:34,view,333
90330,1165,2026-09-24 14:20:26,search,334
90331,1210,2026-09-24 15:55:01,view,335
90332,1210,2026-09-24 18:09:02,view,336
90333,1210,2026-09-24 20:03:56,view,337
90334,1210,2026-09-24 20:57:45,view,338
90334,1210,2026-09-24 20:57:45,view,339
90335,1091,2026-09-24 17:30:16,search,340
90336,1061,2026-09-24 13:01:15,view,341
90337,1061,2026-09-24 08:34:36,view,342
90338,1061,2026-09-24 17:54:43,view,343
90339,1061,2026-09-24 15:20:23,view,344
90340,1277,2026-09-24 08:55:57,view,345
90341,1181,2026-09-24 13:16:44,cart,346
90342,1083,2026-09-24 21:41:25,view,347
90343,1083,2026-09-24 19:03:45,view,348
90344,1073,2026-09-24 10:06:11,cart,349
90345,1073,2026-09-24 19:33:42,view,350
90346,1036,2026-09-24 16:16:22,cart,351
90347,1036,2026-09-24 08:23:11,cart,352
90348,1036,2026-09-24 14:33:50,view,353
90349,1036,2026-09-24 16:05:21,search,354
90350,1081,2026-09-24 09:32:51,view,355
90351,1038,2026-09-24 19:01:25,view,356
90352,1038,2026-09-24 20:29:43,view,357
90353,1038,2026-09-24 10:09:05,search,358
90354,1217,2026-09-24 17:53:04,view,359
90355,1246,2026-09-24 16:12:17,search,360
90356,1246,2026-09-24 15:16:15,search,361
90357,1246,2026-09-24 14:39:26,view,362
90358,1007,2026-09-24 13:22:01,view,363
90359,1007,2026-09-24 14:49:30,search,364
90360,1007,2026-09-24 20:09:14,view,365
90361,1088,2026-09-24 16:31:48,cart,366
90362,1088,2026-09-24 14:32:52,view,367
90363,1088,2026-09-24 19:46:46,view,368
90364,1054,2026-09-24 20:13:22,view,369
90365,1054,2026-09-24 17:42:16,cart,370
90366,0,2026-09-24 10:47:51,view,371
90367,1081,2026-09-24 10:47:51,unknown,372
90368,1011,2026-09-25 21:10:09,cart,373
90369,1011,2026-09-25 12:05:50,view,374
90370,1011,2026-09-25 14:49:55,cart,375
90371,1011,2026-09-25 20:26:22,view,376
90372,1026,2026-09-25 16:50:48,view,377
90373,1026,2026-09-25 16:29:17,view,378
90374,1026,2026-09-25 13:02:55,search,379
90375,1026,2026-09-25 13:31:02,cart,380
90376,1095,2026-09-25 17:49:43,view,381
90377,1214,2026-09-25 10:59:23,search,382
90378,1214,2026-09-25 17:52:53,view,383
90379,1042,2026-09-25 18:30:03,view,384
90380,1042,2026-09-25 10:14:55,view,385
90381,1042,2026-09-25 09:11:03,view,386
90382,1042,2026-09-25 17:41:49,cart,387
90383,1119,2026-09-25 13:36:08,view,388
90383,1119,2026-09-25 13:36:08,view,389
90384,1125,2026-09-25 11:30:04,view,390
90385,1261,2026-09-25 16:19:24,view,391
90386,1261,2026-09-25 15:36:49,view,392
90386,1261,2026-09-25 15:36:49,view,393
90387,1230,2026-09-25 19:32:28,view,394
90388,1230,2026-09-25 16:10:52,view,395
90389,1230,2026-09-25 20:01:32,view,396
90390,1230,2026-09-25 09:26:11,cart,397
90390,1230,2026-09-25 09:26:11,cart,398
90391,1233,2026-09-25 14:51:39,view,399
90392,1233,2026-09-25 14:06:10,view,400
90393,1233,2026-09-25 20:02:36,view,401
90394,1233,2026-09-25 19:05:29,cart,402
90395,1279,2026-09-25 12:16:16,view,403
90396,1279,2026-09-25 12:44:53,view,404
90397,1279,2026-09-25 21:47:52,cart,405
90398,1065,2026-09-25 08:57:26,cart,406
90399,1189,2026-09-25 20:31:45,cart,407
90400,1144,2026-09-25 15:10:36,view,408
90401,1144,2026-09-25 09:24:07,view,409
90402,1144,2026-09-25 17:47:01,view,410
90403,1144,2026-09-25 21:46:13,view,411
90404,1089,2026-09-25 17:06:07,view,412
90405,1089,2026-09-25 20:39:48,view,413
90406,1089,2026-09-25 13:13:02,view,414
90407,1089,2026-09-25 21:30:46,cart,415
90408,1131,2026-09-25 12:10:50,search,416
90409,1131,2026-09-25 21:56:19,search,417
90410,1131,2026-09-25 13:18:37,search,418
90411,1131,2026-09-25 13:30:03,view,419
90412,1229,2026-09-25 14:53:08,cart,420
90413,1229,2026-09-25 08:59:38,cart,421
90414,1229,2026-09-25 16:14:58,view,422
90415,1229,2026-09-25 17:15:22,cart,423
90416,1184,2026-09-25 18:05:30,search,424
90417,1184,2026-09-25 10:08:03,view,425
90418,1184,2026-09-25 12:37:23,view,426
90419,1184,2026-09-25 21:56:06,view,427
90420,1133,2026-09-25 12:15:01,view,428
90421,1264,2026-09-25 08:51:45,view,429
90422,1264,2026-09-25 18:35:37,view,430
90423,1166,2026-09-25 09:48:05,search,431
90424,1178,2026-09-25 13:54:46,view,432
90425,1178,2026-09-25 09:58:41,view,433
90426,1044,2026-09-25 09:00:04,view,434
90427,1044,2026-09-25 14:10:06,view,435
90428,1147,2026-09-25 21:51:22,search,436
90429,1147,2026-09-25 19:52:15,cart,437
90430,1147,2026-09-25 19:55:03,cart,438
90431,1275,2026-09-25 12:51:44,search,439
90432,1275,2026-09-25 16:25:40,search,440
90433,1106,2026-09-25 16:35:50,view,441
90434,1106,2026-09-25 21:49:07,search,442
90435,1174,2026-09-25 18:35:32,view,443
90436,1174,2026-09-25 11:45:16,search,444
90437,1174,2026-09-25 10:05:44,view,445
90438,1174,2026-09-25 10:04:46,view,446
90439,1061,2026-09-25 13:57:23,view,447
90440,1236,2026-09-25 17:53:48,search,448
90441,1236,2026-09-25 14:47:41,view,449
90442,1252,2026-09-25 13:31:19,view,450
90443,1252,2026-09-25 12:53:20,search,451
90444,1252,2026-09-25 08:12:23,view,452
90445,1253,2026-09-25 14:31:28,view,453
90446,1253,2026-09-25 12:04:15,view,454
90447,1253,2026-09-25 12:22:18,view,455
90448,1253,2026-09-25 16:32:54,search,456
90449,1110,2026-09-25 13:56:10,cart,457
90450,1110,2026-09-25 19:36:20,view,458
90451,1110,2026-09-25 09:09:12,search,459
90452,1110,2026-09-25 10:20:35,search,460
90453,1036,2026-09-25 18:02:43,view,461
90454,1036,2026-09-25 10:25:10,view,462
90455,1036,2026-09-25 14:53:23,cart,463
90456,1221,2026-09-25 20:31:09,search,464
90457,1084,2026-09-25 18:03:20,search,465
90458,1084,2026-09-25 15:12:09,search,466
90459,1084,2026-09-25 09:10:27,view,467
90460,1084,2026-09-25 09:09:07,view,468
90461,1198,2026-09-25 19:41:50,view,469
90462,1198,2026-09-25 21:40:08,search,470
90463,1017,2026-09-25 16:06:39,view,471
90464,1017,2026-09-25 20:21:36,search,472
90465,1217,2026-09-25 09:10:56,search,473
90466,1187,2026-09-25 16:39:58,view,474
90467,1187,2026-09-25 08:58:39,cart,475
90468,1187,2026-09-25 15:18:02,view,476
90469,1003,2026-09-25 08:53:21,view,477
90470,1003,2026-09-25 11:25:43,search,478
90471,1003,2026-09-25 11:15:58,search,479
90472,1003,2026-09-25 13:42:45,cart,480
90473,1271,2026-09-25 17:30:31,cart,481
90474,1271,2026-09-25 14:44:46,cart,482
90474,1271,2026-09-25 14:44:46,cart,483
90475,1013,2026-09-25 19:56:02,view,484
90476,1013,2026-09-25 17:58:02,cart,485
90477,1245,2026-09-25 21:14:38,view,486
90478,1245,2026-09-25 16:57:21,cart,487
90479,1063,2026-09-25 20:16:48,view,488
90480,1063,2026-09-25 19:32:40,view,489
90481,1239,2026-09-25 18:31:20,view,490
90482,1239,2026-09-25 15:30:13,view,491
90483,1239,2026-09-25 08:01:13,view,492
90484,1239,2026-09-25 11:47:49,view,493
90485,1087,2026-09-25 21:36:02,cart,494
90486,1087,2026-09-25 11:16:38,cart,495
90487,1087,2026-09-25 19:18:03,search,496
90488,1087,2026-09-25 16:37:21,view,497
90489,1113,2026-09-25 09:48:14,cart,498
90490,1113,2026-09-25 13:42:30,cart,499
90491,1113,2026-09-25 09:23:39,view,500
90492,1113,2026-09-25 20:12:05,view,501
90493,1227,2026-09-25 13:35:33,search,502
90494,1148,2026-09-25 11:28:25,cart,503
90495,1148,2026-09-25 10:35:41,view,504
90496,1148,2026-09-25 21:03:02,view,505
90497,1134,2026-09-25 15:09:49,cart,506
90498,1134,2026-09-25 20:07:58,cart,507
90499,1050,2026-09-25 11:32:02,view,508
90500,1161,2026-09-25 19:41:02,view,509
90501,1161,2026-09-25 19:44:24,view,510
90502,1234,2026-09-25 08:15:52,search,511
90503,1234,2026-09-25 18:57:33,view,512
90504,1234,2026-09-25 08:57:41,search,513
90505,1234,2026-09-25 17:49:41,view,514
90505,1234,2026-09-25 17:49:41,view,515
90506,1263,2026-09-25 20:27:06,search,516
90507,1263,2026-09-25 09:53:53,view,517
90508,1263,2026-09-25 15:26:07,search,518
90509,1299,2026-09-25 18:48:43,view,519
90510,1116,2026-09-25 14:41:22,view,520
90511,1116,2026-09-25 15:13:56,search,521
90512,1034,2026-09-25 10:48:25,cart,522
90513,1034,2026-09-25 18:08:29,view,523
90514,1034,2026-09-25 14:04:16,cart,524
90515,1207,2026-09-25 21:29:08,view,525
90516,1181,2026-09-25 11:14:08,cart,526
90517,1132,2026-09-25 18:28:56,view,527
90518,1132,2026-09-25 21:39:59,cart,528
90519,1268,2026-09-25 10:31:00,cart,529
90520,1268,2026-09-25 10:03:51,cart,530
90521,1268,2026-09-25 08:28:05,search,531
90522,1175,2026-09-25 09:49:51,view,532
90523,1175,2026-09-25 10:27:32,cart,533
90524,1175,2026-09-25 14:12:48,search,534
90525,1175,2026-09-25 20:36:52,view,535
90526,1005,2026-09-25 20:51:22,view,536
90527,1005,2026-09-25 10:29:54,view,537
90528,1076,2026-09-25 08:02:51,view,538
90529,1076,2026-09-25 19:18:24,cart,539
90530,1076,2026-09-25 14:48:29,cart,540
90531,1215,2026-09-25 15:32:07,cart,541
90532,1215,2026-09-25 09:57:39,view,542
90533,1215,2026-09-25 14:51:37,view,543
90534,1153,2026-09-25 21:13:13,view,544
90535,1079,2026-09-25 09:03:41,view,545
90536,1079,2026-09-25 20:27:46,cart,546
90537,1079,2026-09-25 14:06:09,view,547
90538,1079,2026-09-25 14:28:28,view,548
90539,1219,2026-09-25 15:49:43,search,549
90540,1170,2026-09-25 20:11:47,search,550
90541,1170,2026-09-25 10:47:08,view,551
90542,1170,2026-09-25 10:26:47,view,552
90543,1170,2026-09-25 11:05:39,view,553
90544,1018,2026-09-25 21:45:37,view,554
90545,1067,2026-09-25 21:46:30,search,555
90545,1067,2026-09-25 21:46:30,search,556
90546,1067,2026-09-25 20:51:21,search,557
90547,1067,2026-09-25 10:59:03,search,558
90548,1067,2026-09-25 13:55:14,search,559
90549,1205,2026-09-25 13:28:02,view,560
90550,1205,2026-09-25 15:55:39,view,561
90551,1205,2026-09-25 14:58:20,search,562
90552,1205,2026-09-25 15:36:26,cart,563
90553,1127,2026-09-25 08:13:58,view,564
90554,1127,2026-09-25 17:26:11,view,565
90555,1127,2026-09-25 09:33:21,view,566
90556,1282,2026-09-25 20:10:03,view,567
90557,1282,2026-09-25 16:41:13,view,568
90558,1282,2026-09-25 09:54:51,cart,569
90559,1282,2026-09-25 17:21:23,view,570
90560,1238,2026-09-25 15:16:41,cart,571
90561,1238,2026-09-25 09:34:12,search,572
90562,1104,2026-09-25 15:03:42,view,573
90563,1104,2026-09-25 10:15:08,view,574
90564,1104,2026-09-25 08:22:31,search,575
90565,1200,2026-09-25 08:27:32,cart,576
90566,1200,2026-09-25 12:21:19,cart,577
90567,1200,2026-09-25 11:29:25,view,578
90568,1200,2026-09-25 08:36:26,view,579
90569,1244,2026-09-25 11:41:48,cart,580
90570,1244,2026-09-25 10:20:54,search,581
90571,1097,2026-09-25 10:20:25,cart,582
90572,1097,2026-09-25 15:05:57,view,583
90573,1097,2026-09-25 16:24:51,view,584
90574,1097,2026-09-25 14:10:03,view,585
90575,1043,2026-09-25 08:06:01,view,586
90576,1043,2026-09-25 21:10:16,view,587
90577,1043,2026-09-25 11:26:19,view,588
90578,1139,2026-09-25 14:10:18,view,589
90579,1180,2026-09-25 13:28:13,view,590
90580,1180,2026-09-25 15:08:35,view,591
90581,1098,2026-09-25 17:37:53,cart,592
90582,1098,2026-09-25 14:01:26,search,593
90583,1039,2026-09-25 15:46:20,cart,594
90584,1088,2026-09-25 14:03:08,view,595
90585,1088,2026-09-25 15:48:59,view,596
90586,1088,2026-09-25 09:54:41,view,597
90587,1249,2026-09-25 18:32:13,view,598
90588,1249,2026-09-25 10:06:09,cart,599
90589,1249,2026-09-25 10:31:04,view,600
90590,1249,2026-09-25 20:04:32,view,601
90591,1231,2026-09-25 20:24:59,cart,602
90592,1231,2026-09-25 14:37:12,search,603
90593,1231,2026-09-25 13:24:45,cart,604
90594,1231,2026-09-25 18:01:51,cart,605
90595,1176,2026-09-25 11:08:44,view,606
90596,1176,2026-09-25 16:06:55,cart,607
90597,1096,2026-09-25 13:35:45,view,608
90598,1096,2026-09-25 17:55:42,search,609
90599,1096,2026-09-25 13:44:41,view,610
90600,1257,2026-09-25 11:13:00,view,611
90601,1257,2026-09-25 13:25:32,search,612
90602,1047,2026-09-25 08:17:16,cart,613
90603,1047,2026-09-25 09:34:28,view,614
90604,1021,2026-09-25 13:31:53,view,615
90605,1136,2026-09-25 15:22:29,view,616
90606,1136,2026-09-25 10:27:44,search,617
90607,1136,2026-09-25 17:45:00,view,618
90608,1136,2026-09-25 08:40:33,view,619
90609,1212,2026-09-25 10:56:33,view,620
90610,1204,2026-09-25 21:55:00,view,621
90611,1080,2026-09-25 13:30:50,cart,622
90612,1080,2026-09-25 18:26:50,view,623
90613,1080,2026-09-25 10:31:46,search,624
90614,1258,2026-09-25 17:04:05,cart,625
90615,1117,2026-09-25 08:24:53,search,626
90616,1117,2026-09-25 09:16:20,view,627
90617,1117,2026-09-25 13:59:58,view,628
90618,1117,2026-09-25 10:15:56,view,629
90619,1269,2026-09-25 19:36:37,view,630
90620,1269,2026-09-25 11:48:59,view,631
90621,1269,2026-09-25 09:00:12,view,632
90622,1269,2026-09-25 16:44:54,search,633
90623,1109,2026-09-25 17:36:54,search,634
90624,1109,2026-09-25 14:28:05,view,635
90625,1226,2026-09-25 09:55:37,search,636
90626,1226,2026-09-25 16:59:32,search,637
90627,1226,2026-09-25 18:44:32,view,638
90628,1218,2026-09-25 21:59:38,search,639
90629,1222,2026-09-25 15:34:05,cart,640
90630,1222,2026-09-25 17:50:04,view,641
90631,1222,2026-09-25 17:43:52,cart,642
90632,1222,2026-09-25 18:54:24,view,643
90633,1069,2026-09-25 18:15:55,search,644
90634,1069,2026-09-25 09:56:42,view,645
90635,1069,2026-09-25 15:05:40,view,646
90636,1069,2026-09-25 21:48:30,view,647
90637,1195,2026-09-25 12:13:10,cart,648
90638,1195,2026-09-25 14:54:24,search,649
90639,1028,2026-09-25 16:36:55,cart,650
90640,1028,2026-09-25 20:57:43,cart,651
90641,1028,2026-09-25 10:07:39,search,652
90642,1240,2026-09-25 21:44:46,view,653
90643,1240,2026-09-25 16:23:47,view,654
90644,1177,2026-09-25 08:57:30,view,655
90645,1177,2026-09-25 19:19:39,view,656
90646,1177,2026-09-25 19:06:03,view,657
90647,1293,2026-09-25 12:12:50,view,658
90648,1293,2026-09-25 14:51:45,search,659
90649,1293,2026-09-25 18:21:58,view,660
90650,1038,2026-09-25 10:19:18,view,661
90651,1038,2026-09-25 09:18:50,view,662
90652,1093,2026-09-25 08:38:58,view,663
90653,1093,2026-09-25 15:39:10,cart,664
90654,1037,2026-09-25 12:23:08,view,665
90655,1037,2026-09-25 18:07:02,view,666
90656,1037,2026-09-25 10:54:36,cart,667
90657,1051,2026-09-25 15:16:14,view,668
90658,1031,2026-09-25 16:57:01,search,669
90659,1101,2026-09-25 20:15:39,view,670
90660,1101,2026-09-25 19:49:41,search,671
90661,1101,2026-09-25 14:59:50,view,672
90662,1101,2026-09-25 15:54:52,view,673
90663,1237,2026-09-25 18:35:02,search,674
90664,1237,2026-09-25 10:14:02,cart,675
90665,1009,2026-09-25 10:42:42,cart,676
90666,1009,2026-09-25 15:26:19,view,677
90667,1292,2026-09-25 17:01:31,view,678
90668,1292,2026-09-25 11:17:14,cart,679
90669,1292,2026-09-25 08:40:24,search,680
90670,1292,2026-09-25 20:58:06,search,681
90671,1123,2026-09-25 21:14:36,view,682
90672,1123,2026-09-25 08:51:02,search,683
90673,1185,2026-09-25 19:03:39,view,684
90674,1185,2026-09-25 13:57:20,view,685
90675,1185,2026-09-25 08:00:34,search,686
90676,1185,2026-09-25 16:22:03,cart,687
90677,1058,2026-09-25 12:20:32,view,688
90678,1033,2026-09-25 17:29:04,search,689
90678,1033,2026-09-25 17:29:04,search,690
90679,1033,2026-09-25 11:29:00,view,691
90680,1033,2026-09-25 08:58:13,view,692
90681,1033,2026-09-25 16:42:33,cart,693
90682,1300,2026-09-25 20:35:33,cart,694
90682,1300,2026-09-25 20:35:33,cart,695
90683,1035,2026-09-25 11:58:57,cart,696
90684,1035,2026-09-25 21:57:01,cart,697
90685,1035,2026-09-25 09:42:58,view,698
90686,1035,2026-09-25 17:34:22,view,699
90687,1094,2026-09-25 20:28:09,view,700
90688,1094,2026-09-25 10:43:39,search,701
90689,1188,2026-09-25 17:23:26,cart,702
90690,1046,2026-09-25 13:53:37,view,703
90691,1046,2026-09-25 14:47:54,view,704
90692,1241,2026-09-25 13:20:00,search,705
90693,1256,2026-09-25 18:57:58,view,706
90694,1081,2026-09-25 18:36:41,view,707
90695,1081,2026-09-25 13:50:15,view,708
90696,1081,2026-09-25 19:48:31,cart,709
90697,1081,2026-09-25 21:26:17,view,710
90698,1202,2026-09-25 20:27:57,view,711
90699,1202,2026-09-25 21:30:03,cart,712
90700,1202,2026-09-25 18:06:55,cart,713
90701,1122,2026-09-25 17:01:46,view,714
90702,1159,2026-09-25 19:14:53,view,715
90703,1159,2026-09-25 08:46:15,view,716
90704,1159,2026-09-25 12:10:54,cart,717
90705,1052,2026-09-25 08:29:15,view,718
90706,1052,2026-09-25 20:02:07,view,719
90707,1052,2026-09-25 21:33:56,search,720
90708,1052,2026-09-25 10:13:13,view,721
90709,1120,2026-09-25 20:17:36,view,722
90710,1120,2026-09-25 09:01:31,view,723
90711,1286,2026-09-25 18:38:00,view,724
90712,1286,2026-09-25 12:17:36,cart,725
90713,1286,2026-09-25 19:34:15,search,726
90714,1295,2026-09-25 09:23:15,view,727
90715,1295,2026-09-25 21:43:42,view,728
90716,1007,2026-09-25 14:55:29,view,729
90717,1007,2026-09-25 14:48:52,search,730
90718,1007,2026-09-25 09:39:51,view,731
90719,1007,2026-09-25 20:38:50,search,732
90720,1137,2026-09-25 10:52:16,view,733
90721,1156,2026-09-25 20:04:24,cart,734
90722,1156,2026-09-25 13:23:15,search,735
90723,1156,2026-09-25 20:38:38,view,736
90724,1156,2026-09-25 09:43:29,search,737
90725,1108,2026-09-25 10:45:50,view,738
90726,1086,2026-09-25 17:26:38,cart,739
90727,1086,2026-09-25 18:51:30,view,740
90728,1146,2026-09-25 12:57:34,search,741
90729,1146,2026-09-25 17:01:22,view,742
90729,1146,2026-09-25 17:01:22,view,743
90730,1146,2026-09-25 12:22:36,search,744
90731,1014,2026-09-25 15:58:20,view,745
90732,1014,2026-09-25 08:36:15,view,746
90733,1014,2026-09-25 21:58:28,view,747
90734,1014,2026-09-25 18:49:05,view,748
90735,1012,2026-09-25 20:20:20,view,749
90736,1012,2026-09-25 21:23:59,cart,750
90737,1121,2026-09-25 11:03:26,search,751
90738,1121,2026-09-25 17:57:10,cart,752
90739,1255,2026-09-25 08:18:02,cart,753
90740,1143,2026-09-25 15:44:18,view,754
90741,1143,2026-09-25 09:32:24,view,755
90742,0,2026-09-25 10:34:20,view,756
90743,1042,2026-09-25 10:34:20,unknown,757
90744,1179,2026-09-26 15:26:18,view,758
90745,1179,2026-09-26 17:53:17,cart,759
90746,1179,2026-09-26 12:08:25,search,760
90747,1179,2026-09-26 21:22:04,view,761
90748,1142,2026-09-26 13:38:54,view,762
90749,1142,2026-09-26 21:03:12,cart,763
90750,1122,2026-09-26 11:51:29,view,764
90751,1122,2026-09-26 19:56:15,view,765
90752,1122,2026-09-26 09:53:28,view,766
90753,1065,2026-09-26 13:51:42,search,767
90754,1177,2026-09-26 14:19:42,cart,768
90755,1077,2026-09-26 08:10:05,view,769
90756,1077,2026-09-26 08:15:10,search,770
90757,1235,2026-09-26 17:05:41,search,771
90758,1235,2026-09-26 20:53:15,view,772
90759,1064,2026-09-26 10:17:41,cart,773
90760,1064,2026-09-26 21:57:18,view,774
90761,1064,2026-09-26 08:08:39,view,775
90762,1064,2026-09-26 18:00:56,search,776
90763,1005,2026-09-26 20:08:38,cart,777
90764,1005,2026-09-26 19:37:01,search,778
90765,1005,2026-09-26 21:17:15,search,779
90766,1214,2026-09-26 12:49:21,cart,780
90767,1214,2026-09-26 20:15:11,view,781
90767,1214,2026-09-26 20:15:11,view,782
90768,1214,2026-09-26 08:10:04,view,783
90769,1214,2026-09-26 19:02:09,view,784
90769,1214,2026-09-26 19:02:09,view,785
90770,1288,2026-09-26 10:06:58,search,786
90771,1288,2026-09-26 20:32:36,cart,787
90772,1288,2026-09-26 08:21:33,cart,788
90773,1237,2026-09-26 15:03:58,cart,789
90774,1237,2026-09-26 21:14:57,view,790
90775,1133,2026-09-26 19:16:21,cart,791
90776,1133,2026-09-26 17:39:10,view,792
90777,1146,2026-09-26 19:27:27,view,793
90778,1146,2026-09-26 20:56:34,view,794
90779,1146,2026-09-26 19:08:39,view,795
90780,1239,2026-09-26 18:18:37,view,796
90781,1239,2026-09-26 10:40:51,cart,797
90782,1026,2026-09-26 18:39:18,cart,798
90783,1026,2026-09-26 13:51:13,search,799
90784,1026,2026-09-26 11:37:21,cart,800
90785,1011,2026-09-26 11:49:05,view,801
90786,1011,2026-09-26 09:20:23,view,802
90787,1011,2026-09-26 08:27:49,cart,803
90788,1031,2026-09-26 16:02:33,view,804
90789,1031,2026-09-26 09:55:52,cart,805
90790,1031,2026-09-26 16:01:19,view,806
90791,1031,2026-09-26 16:33:44,view,807
90792,1113,2026-09-26 17:30:40,search,808
90793,1113,2026-09-26 11:17:58,view,809
90794,1113,2026-09-26 11:10:55,view,810
90795,1113,2026-09-26 18:41:41,cart,811
90796,1208,2026-09-26 17:50:59,view,812
90797,1245,2026-09-26 10:49:18,cart,813
90798,1245,2026-09-26 21:29:39,view,814
90799,1245,2026-09-26 20:35:40,view,815
90800,1245,2026-09-26 13:39:44,search,816
90801,1054,2026-09-26 16:34:15,search,817
90802,1054,2026-09-26 12:28:33,search,818
90803,1054,2026-09-26 12:10:22,view,819
90804,1109,2026-09-26 11:19:41,view,820
90805,1109,2026-09-26 11:03:40,search,821
90806,1109,2026-09-26 16:44:23,cart,822
90807,1112,2026-09-26 11:44:07,view,823
90808,1112,2026-09-26 20:05:06,view,824
90809,1112,2026-09-26 18:46:00,cart,825
90810,1249,2026-09-26 13:51:56,search,826
90811,1234,2026-09-26 09:53:27,view,827
90812,1234,2026-09-26 20:13:05,cart,828
90813,1234,2026-09-26 11:09:24,view,829
90814,1102,2026-09-26 20:28:55,search,830
90815,1102,2026-09-26 14:00:24,search,831
90816,1102,2026-09-26 17:36:26,view,832
90817,1241,2026-09-26 14:27:19,cart,833
90818,1274,2026-09-26 15:15:29,search,834
90819,1274,2026-09-26 16:19:43,cart,835
90820,1246,2026-09-26 16:39:55,view,836
90821,1246,2026-09-26 16:40:38,view,837
90822,1093,2026-09-26 19:14:48,search,838
90823,1093,2026-09-26 08:17:56,cart,839
90824,1093,2026-09-26 09:21:31,view,840
90825,1093,2026-09-26 13:24:28,cart,841
90826,1197,2026-09-26 08:22:47,view,842
90827,1197,2026-09-26 09:56:17,view,843
90828,1197,2026-09-26 10:06:06,cart,844
90829,1197,2026-09-26 11:25:40,view,845
90830,1223,2026-09-26 15:17:49,search,846
90831,1223,2026-09-26 15:07:24,view,847
90832,1223,2026-09-26 14:15:27,cart,848
90833,1223,2026-09-26 12:15:31,cart,849
90834,1022,2026-09-26 10:26:55,view,850
90835,1022,2026-09-26 13:33:40,view,851
90836,1022,2026-09-26 17:15:22,view,852
90837,1022,2026-09-26 21:41:33,view,853
90838,1129,2026-09-26 19:19:07,cart,854
90839,1103,2026-09-26 19:43:07,cart,855
90840,1153,2026-09-26 15:04:32,view,856
90841,1153,2026-09-26 08:06:13,view,857
90842,1292,2026-09-26 13:24:24,view,858
90843,1292,2026-09-26 16:30:25,view,859
90844,1009,2026-09-26 08:53:30,view,860
90845,1009,2026-09-26 09:56:56,view,861
90846,1009,2026-09-26 08:24:25,view,862
90847,1009,2026-09-26 11:40:32,view,863
90848,1182,2026-09-26 15:06:54,cart,864
90849,1182,2026-09-26 21:05:57,cart,865
90850,1182,2026-09-26 14:01:39,view,866
90851,1261,2026-09-26 10:49:54,view,867
90852,1261,2026-09-26 18:26:54,view,868
90853,1261,2026-09-26 18:44:48,view,869
90854,1199,2026-09-26 19:21:14,view,870
90855,1199,2026-09-26 19:33:30,view,871
90856,1148,2026-09-26 20:58:10,view,872
90857,1148,2026-09-26 18:42:20,cart,873
90858,1155,2026-09-26 09:45:23,search,874
90859,1155,2026-09-26 16:14:06,view,875
90860,1155,2026-09-26 08:28:10,cart,876
90861,1155,2026-09-26 16:38:43,view,877
90862,1213,2026-09-26 10:19:37,search,878
90863,1213,2026-09-26 11:39:01,cart,879
90864,1213,2026-09-26 12:30:29,cart,880
90865,1299,2026-09-26 20:08:38,cart,881
90866,1299,2026-09-26 14:14:28,view,882
90867,1299,2026-09-26 09:43:18,view,883
90868,1299,2026-09-26 16:23:41,view,884
90869,1157,2026-09-26 16:29:32,view,885
90870,1157,2026-09-26 19:35:10,search,886
90871,1238,2026-09-26 10:37:06,search,887
90872,1238,2026-09-26 08:54:47,cart,888
90873,1238,2026-09-26 20:03:45,view,889
90874,1238,2026-09-26 18:13:32,cart,890
90875,1296,2026-09-26 19:25:01,search,891
90876,1296,2026-09-26 17:49:45,view,892
90877,1033,2026-09-26 11:10:23,view,893
90878,1033,2026-09-26 17:42:21,search,894
90879,1297,2026-09-26 08:49:05,view,895
90880,1297,2026-09-26 15:41:51,view,896
90881,1297,2026-09-26 17:57:42,view,897
90881,1297,2026-09-26 17:57:42,view,898
90882,1247,2026-09-26 08:37:37,view,899
90883,1247,2026-09-26 12:00:29,view,900
90884,1247,2026-09-26 14:16:01,view,901
90885,1164,2026-09-26 10:00:35,view,902
90886,1080,2026-09-26 19:48:25,view,903
90887,1080,2026-09-26 20:05:30,view,904
90888,1080,2026-09-26 19:05:16,view,905
90889,1080,2026-09-26 13:17:54,cart,906
90890,1226,2026-09-26 20:04:23,search,907
90891,1226,2026-09-26 18:45:05,view,908
90892,1226,2026-09-26 09:26:56,view,909
90893,1203,2026-09-26 14:21:29,search,910
90894,1203,2026-09-26 09:14:10,view,911
90895,1063,2026-09-26 11:15:33,search,912
90896,1043,2026-09-26 12:34:57,cart,913
90897,1295,2026-09-26 08:39:39,cart,914
90898,1098,2026-09-26 10:54:05,cart,915
90899,1098,2026-09-26 14:26:11,view,916
90900,1225,2026-09-26 20:58:10,view,917
90901,1225,2026-09-26 15:46:01,view,918
90902,1225,2026-09-26 13:11:09,view,919
90903,1117,2026-09-26 13:01:42,search,920
90904,1117,2026-09-26 15:49:39,view,921
90905,1117,2026-09-26 14:18:39,search,922
90906,1117,2026-09-26 20:30:14,cart,923
90907,1267,2026-09-26 20:04:49,search,924
90908,1267,2026-09-26 18:18:03,search,925
90909,1267,2026-09-26 20:40:00,search,926
90910,1032,2026-09-26 18:17:43,search,927
90911,1052,2026-09-26 08:24:38,view,928
90912,1052,2026-09-26 12:15:30,view,929
90913,1052,2026-09-26 11:27:42,view,930
90914,1052,2026-09-26 16:04:44,cart,931
90915,1188,2026-09-26 15:33:52,view,932
90916,1188,2026-09-26 17:18:23,view,933
90917,1188,2026-09-26 13:29:18,search,934
90918,1284,2026-09-26 16:49:53,cart,935
90919,1284,2026-09-26 16:30:58,search,936
90920,1284,2026-09-26 09:47:24,search,937
90921,1284,2026-09-26 11:58:53,search,938
90922,1275,2026-09-26 10:08:49,search,939
90923,1126,2026-09-26 20:19:59,view,940
90924,1126,2026-09-26 15:31:47,view,941
90925,1126,2026-09-26 11:45:38,view,942
90926,1233,2026-09-26 09:53:47,view,943
90926,1233,2026-09-26 09:53:47,view,944
90927,1233,2026-09-26 18:52:21,search,945
90928,1233,2026-09-26 19:01:12,view,946
90929,1233,2026-09-26 10:02:51,cart,947
90930,1222,2026-09-26 18:30:20,search,948
90931,1222,2026-09-26 12:11:44,view,949
90932,1222,2026-09-26 09:04:34,search,950
90933,1286,2026-09-26 11:19:30,cart,951
90934,1240,2026-09-26 15:27:11,view,952
90935,1240,2026-09-26 17:07:26,view,953
90936,1240,2026-09-26 14:15:23,cart,954
90937,1085,2026-09-26 19:20:13,view,955
90938,1085,2026-09-26 10:45:15,view,956
90939,1085,2026-09-26 14:51:57,search,957
90940,1281,2026-09-26 21:08:13,view,958
90941,1298,2026-09-26 14:54:24,search,959
90942,1298,2026-09-26 21:06:19,search,960
90943,1298,2026-09-26 08:40:59,search,961
90944,1298,2026-09-26 16:35:09,search,962
90945,1162,2026-09-26 08:32:04,view,963
90946,1162,2026-09-26 08:27:47,search,964
90947,1162,2026-09-26 11:02:48,view,965
90948,1162,2026-09-26 17:10:26,view,966
90949,1130,2026-09-26 19:46:46,view,967
90950,1243,2026-09-26 20:48:47,search,968
90951,1243,2026-09-26 16:07:49,view,969
90952,1243,2026-09-26 18:34:14,search,970
90953,1243,2026-09-26 14:00:59,view,971
90954,1271,2026-09-26 12:33:36,view,972
90955,1271,2026-09-26 17:22:07,view,973
90956,1271,2026-09-26 12:15:57,view,974
90957,1271,2026-09-26 21:00:26,view,975
90958,1285,2026-09-26 13:16:05,search,976
90959,1285,2026-09-26 20:05:32,view,977
90960,1231,2026-09-26 08:47:33,search,978
90961,1231,2026-09-26 20:22:52,cart,979
90962,1231,2026-09-26 08:44:10,view,980
90963,1012,2026-09-26 10:20:56,search,981
90964,1012,2026-09-26 16:29:46,search,982
90965,1012,2026-09-26 10:25:31,view,983
90966,1012,2026-09-26 20:46:46,cart,984
90967,1254,2026-09-26 09:14:20,view,985
90968,1067,2026-09-26 08:44:29,search,986
90969,1067,2026-09-26 15:15:14,view,987
90970,1067,2026-09-26 19:33:46,search,988
90971,1095,2026-09-26 17:26:36,view,989
90972,1038,2026-09-26 21:13:09,view,990
90972,1038,2026-09-26 21:13:09,view,991
90973,1038,2026-09-26 20:17:29,view,992
90974,1038,2026-09-26 08:21:50,view,993
90975,1175,2026-09-26 08:28:32,cart,994
90976,1175,2026-09-26 15:30:10,search,995
90977,1175,2026-09-26 11:55:10,view,996
90978,1048,2026-09-26 18:26:25,view,997
90978,1048,2026-09-26 18:26:25,view,998
90979,1048,2026-09-26 16:51:55,view,999
90980,1048,2026-09-26 17:13:45,view,1000
90981,1293,2026-09-26 15:57:22,cart,1001
90981,1293,2026-09-26 15:57:22,cart,1002
90982,1115,2026-09-26 12:09:31,search,1003
90983,1115,2026-09-26 12:41:34,search,1004
90984,1115,2026-09-26 21:11:21,view,1005
90985,1159,2026-09-26 19:56:08,cart,1006
90986,1265,2026-09-26 21:57:18,view,1007
90987,1265,2026-09-26 15:46:54,search,1008
90988,1206,2026-09-26 15:52:21,view,1009
90989,1206,2026-09-26 12:35:02,search,1010
90989,1206,2026-09-26 12:35:02,search,1011
90990,1206,2026-09-26 10:28:45,search,1012
90991,1034,2026-09-26 21:09:17,search,1013
90992,1034,2026-09-26 18:55:38,view,1014
90993,1034,2026-09-26 20:42:04,view,1015
90994,1034,2026-09-26 16:33:20,view,1016
90995,1017,2026-09-26 10:30:51,view,1017
90996,1017,2026-09-26 21:46:52,view,1018
90997,1204,2026-09-26 15:42:58,view,1019
90998,1204,2026-09-26 11:28:06,cart,1020
90999,1035,2026-09-26 14:35:28,search,1021
91000,1035,2026-09-26 10:28:51,cart,1022
91001,1035,2026-09-26 20:47:54,search,1023
91001,1035,2026-09-26 20:47:54,search,1024
91002,1059,2026-09-26 14:56:48,search,1025
91003,1059,2026-09-26 17:38:34,view,1026
91004,1059,2026-09-26 13:29:37,view,1027
91005,1075,2026-09-26 08:49:55,view,1028
91006,1007,2026-09-26 10:19:44,cart,1029
91007,1007,2026-09-26 10:45:58,search,1030
91008,1007,2026-09-26 17:19:59,search,1031
91009,1007,2026-09-26 18:32:02,view,1032
91010,1221,2026-09-26 19:20:44,view,1033
91011,1221,2026-09-26 16:18:16,search,1034
91012,1221,2026-09-26 19:10:29,view,1035
91013,1192,2026-09-26 13:58:30,view,1036
91014,1149,2026-09-26 21:22:11,view,1037
91015,1149,2026-09-26 21:10:52,search,1038
91016,1253,2026-09-26 17:29:22,view,1039
91017,1224,2026-09-26 09:07:50,cart,1040
91018,1224,2026-09-26 20:31:57,cart,1041
91019,1224,2026-09-26 11:14:06,search,1042
91020,1152,2026-09-26 08:22:36,cart,1043
91021,1201,2026-09-26 12:12:48,cart,1044
91022,1201,2026-09-26 20:12:24,search,1045
91023,1201,2026-09-26 13:39:20,cart,1046
91024,1201,2026-09-26 11:08:12,view,1047
91025,1143,2026-09-26 21:11:22,search,1048
91026,1143,2026-09-26 13:35:22,cart,1049
91027,1143,2026-09-26 20:09:10,search,1050
91028,1171,2026-09-26 12:28:07,view,1051
91029,1171,2026-09-26 18:36:19,view,1052
91030,1020,2026-09-26 19:13:54,view,1053
91031,1020,2026-09-26 13:26:16,search,1054
91032,1020,2026-09-26 16:01:57,search,1055
91033,1020,2026-09-26 19:43:17,view,1056
91034,1227,2026-09-26 10:24:36,cart,1057
91035,1227,2026-09-26 12:15:49,cart,1058
91036,1227,2026-09-26 12:44:14,cart,1059
91037,1227,2026-09-26 14:28:42,cart,1060
91038,1051,2026-09-26 21:54:48,cart,1061
91039,1051,2026-09-26 12:02:05,search,1062
91040,1090,2026-09-26 10:53:18,view,1063
91041,1090,2026-09-26 13:23:15,search,1064
91042,1090,2026-09-26 14:53:52,view,1065
91043,1056,2026-09-26 10:08:31,view,1066
91044,1056,2026-09-26 20:39:42,search,1067
91045,1056,2026-09-26 19:07:46,view,1068
91046,1056,2026-09-26 15:41:50,view,1069
91047,1125,2026-09-26 19:28:04,view,1070
91048,1218,2026-09-26 10:48:10,view,1071
91049,1218,2026-09-26 09:31:04,view,1072
91050,1073,2026-09-26 12:27:39,view,1073
91051,1073,2026-09-26 10:11:00,search,1074
91052,1025,2026-09-26 18:24:11,search,1075
91053,1074,2026-09-26 14:54:32,search,1076
91054,1262,2026-09-26 18:36:43,view,1077
91055,1262,2026-09-26 09:36:50,view,1078
91056,1262,2026-09-26 21:22:23,view,1079
91057,1262,2026-09-26 21:34:43,cart,1080
91058,1256,2026-09-26 13:44:42,search,1081
91059,1256,2026-09-26 20:49:04,view,1082
91060,1256,2026-09-26 09:09:20,view,1083
91061,1256,2026-09-26 17:18:03,view,1084
91062,1015,2026-09-26 10:03:40,search,1085
91063,1015,2026-09-26 12:49:30,cart,1086
91064,1015,2026-09-26 20:41:14,search,1087
91065,1015,2026-09-26 14:02:29,view,1088
91066,1068,2026-09-26 12:01:49,search,1089
91067,1172,2026-09-26 13:02:32,search,1090
91068,1172,2026-09-26 21:08:06,view,1091
91069,1172,2026-09-26 11:54:23,cart,1092
91070,1172,2026-09-26 11:47:33,view,1093
91071,1163,2026-09-26 11:05:27,search,1094
91072,1151,2026-09-26 16:46:41,view,1095
91073,1151,2026-09-26 11:38:27,view,1096
91074,1205,2026-09-26 20:10:01,search,1097
91074,1205,2026-09-26 20:10:01,search,1098
91075,1205,2026-09-26 09:28:28,cart,1099
91076,1029,2026-09-26 19:35:51,view,1100
91077,1029,2026-09-26 10:31:22,search,1101
91078,1029,2026-09-26 16:34:29,view,1102
91079,1137,2026-09-26 16:25:57,view,1103
91080,1137,2026-09-26 21:54:43,view,1104
91081,1042,2026-09-26 13:08:07,view,1105
91082,1042,2026-09-26 08:34:42,view,1106
91083,1140,2026-09-26 15:26:30,search,1107
91084,1300,2026-09-26 15:37:49,view,1108
91085,1244,2026-09-26 13:13:28,search,1109
91086,1294,2026-09-26 13:48:48,view,1110
91087,1116,2026-09-26 11:03:59,view,1111
91088,1116,2026-09-26 21:22:41,search,1112
91089,1116,2026-09-26 21:39:40,view,1113
91090,1116,2026-09-26 08:41:49,view,1114
91091,1186,2026-09-26 21:37:20,view,1115
91092,1186,2026-09-26 19:56:31,search,1116
91092,1186,2026-09-26 19:56:31,search,1117
91093,1186,2026-09-26 12:08:05,search,1118
91094,1167,2026-09-26 10:11:35,view,1119
91095,1061,2026-09-26 10:58:30,cart,1120
91096,1061,2026-09-26 08:17:11,search,1121
91097,1061,2026-09-26 09:33:54,view,1122
91098,1061,2026-09-26 10:04:16,search,1123
91099,1118,2026-09-26 17:44:48,cart,1124
91100,1118,2026-09-26 18:30:32,view,1125
91101,1118,2026-09-26 19:20:40,search,1126
91102,1118,2026-09-26 14:41:04,search,1127
91103,1170,2026-09-26 11:41:20,search,1128
91104,1170,2026-09-26 20:28:07,view,1129
91105,1170,2026-09-26 09:58:48,cart,1130
91106,1170,2026-09-26 08:58:00,search,1131
91107,1277,2026-09-26 10:11:14,cart,1132
91108,1277,2026-09-26 08:30:43,view,1133
91109,1236,2026-09-26 12:31:50,view,1134
91110,1236,2026-09-26 16:01:44,view,1135
91111,1280,2026-09-26 14:12:37,search,1136
91112,1193,2026-09-26 20:59:47,cart,1137
91112,1193,2026-09-26 20:59:47,cart,1138
91113,1219,2026-09-26 14:39:02,view,1139
91114,1180,2026-09-26 12:45:53,search,1140
91115,1180,2026-09-26 16:07:42,cart,1141
91116,1180,2026-09-26 16:48:24,search,1142
91117,1180,2026-09-26 16:12:22,view,1143
91118,1132,2026-09-26 18:50:42,cart,1144
91119,1160,2026-09-26 13:39:27,search,1145
91120,1160,2026-09-26 19:45:53,view,1146
91121,1160,2026-09-26 19:36:12,search,1147
91122,1160,2026-09-26 21:00:29,search,1148
91123,1176,2026-09-26 10:07:57,cart,1149
91124,1232,2026-09-26 18:23:41,cart,1150
91125,1232,2026-09-26 19:45:30,search,1151
91126,1084,2026-09-26 16:57:08,view,1152
91127,1084,2026-09-26 19:00:51,search,1153
91127,1084,2026-09-26 19:00:51,search,1154
91128,1084,2026-09-26 09:05:22,cart,1155
91129,1084,2026-09-26 20:17:02,search,1156
91130,1189,2026-09-26 20:35:38,cart,1157
91131,1189,2026-09-26 09:27:10,view,1158
91132,1189,2026-09-26 10:06:40,view,1159
91133,1282,2026-09-26 16:20:28,search,1160
91134,1282,2026-09-26 10:28:34,cart,1161
91135,1144,2026-09-26 13:11:18,search,1162
91136,1144,2026-09-26 20:11:27,view,1163
91137,1076,2026-09-26 09:07:13,cart,1164
91138,1076,2026-09-26 16:04:13,view,1165
91139,1216,2026-09-26 15:43:52,cart,1166
91140,1216,2026-09-26 13:41:28,cart,1167
91141,1178,2026-09-26 18:58:47,view,1168
91142,1178,2026-09-26 15:29:09,cart,1169
91143,1178,2026-09-26 14:16:17,cart,1170
91144,1185,2026-09-26 09:07:36,cart,1171
91145,1185,2026-09-26 14:13:36,view,1172
91146,1094,2026-09-26 08:30:37,view,1173
91147,1094,2026-09-26 10:36:24,search,1174
91148,1094,2026-09-26 09:45:19,cart,1175
91149,1094,2026-09-26 18:38:20,view,1176
91150,1019,2026-09-26 20:02:24,view,1177
91151,1166,2026-09-26 14:12:20,cart,1178
91152,1104,2026-09-26 14:43:53,cart,1179
91153,1104,2026-09-26 21:33:15,cart,1180
91154,1037,2026-09-26 18:20:53,cart,1181
91155,1047,2026-09-26 15:37:42,view,1182
91156,1047,2026-09-26 16:56:32,view,1183
91157,1047,2026-09-26 08:24:00,view,1184
91158,1078,2026-09-26 20:30:00,view,1185
91159,1078,2026-09-26 08:37:02,view,1186
91160,1078,2026-09-26 18:03:09,view,1187
91161,1181,2026-09-26 14:46:16,view,1188
91162,1181,2026-09-26 08:54:41,search,1189
91162,1181,2026-09-26 08:54:41,search,1190
91163,1128,2026-09-26 13:43:22,search,1191
91164,1128,2026-09-26 18:53:13,cart,1192
91165,1128,2026-09-26 13:05:08,search,1193
91166,1128,2026-09-26 13:41:41,search,1194
91167,1121,2026-09-26 20:06:17,view,1195
91168,1121,2026-09-26 08:30:11,view,1196
91169,1121,2026-09-26 08:31:25,view,1197
91170,1121,2026-09-26 15:29:13,view,1198
91171,1114,2026-09-26 12:08:20,cart,1199
91172,1114,2026-09-26 14:41:02,view,1200
91172,1114,2026-09-26 14:41:02,view,1201
91173,1114,2026-09-26 13:21:46,view,1202
91174,1114,2026-09-26 18:36:56,search,1203
91175,1050,2026-09-26 14:46:38,cart,1204
91176,1173,2026-09-26 17:08:13,cart,1205
91177,1173,2026-09-26 09:45:32,search,1206
91178,1173,2026-09-26 12:50:48,search,1207
91179,0,2026-09-26 10:53:04,view,1208
91180,1246,2026-09-26 10:53:04,unknown,1209
91181,1127,2026-09-27 17:07:12,search,1210
91182,1127,2026-09-27 10:21:56,cart,1211
91183,1295,2026-09-27 12:35:02,cart,1212
91184,1295,2026-09-27 08:44:32,view,1213
91185,1039,2026-09-27 13:32:50,search,1214
91186,1039,2026-09-27 11:57:29,cart,1215
91187,1039,2026-09-27 12:59:21,cart,1216
91188,1235,2026-09-27 16:33:18,view,1217
91189,1235,2026-09-27 12:45:04,view,1218
91190,1235,2026-09-27 16:09:52,view,1219
91191,1235,2026-09-27 08:04:09,search,1220
91192,1163,2026-09-27 16:41:34,view,1221
91193,1163,2026-09-27 14:15:58,view,1222
91194,1103,2026-09-27 13:58:32,cart,1223
91195,1145,2026-09-27 08:05:58,search,1224
91196,1145,2026-09-27 20:10:11,view,1225
91197,1145,2026-09-27 16:57:51,view,1226
91198,1145,2026-09-27 20:06:08,view,1227
91199,1041,2026-09-27 16:07:50,search,1228
91200,1041,2026-09-27 17:15:02,view,1229
91201,1041,2026-09-27 21:04:40,view,1230
91202,1013,2026-09-27 17:33:54,search,1231
91203,1059,2026-09-27 19:31:52,search,1232
91204,1059,2026-09-27 15:43:41,search,1233
91205,1059,2026-09-27 14:00:21,cart,1234
91206,1207,2026-09-27 17:43:10,view,1235
91207,1028,2026-09-27 15:09:13,cart,1236
91208,1028,2026-09-27 10:17:15,view,1237
91209,1071,2026-09-27 16:32:32,cart,1238
91210,1215,2026-09-27 17:13:26,view,1239
91211,1215,2026-09-27 10:28:30,view,1240
91212,1215,2026-09-27 08:27:18,cart,1241
91213,1109,2026-09-27 21:15:06,search,1242
91214,1109,2026-09-27 17:27:22,view,1243
91215,1109,2026-09-27 08:03:12,view,1244
91216,1109,2026-09-27 10:45:48,search,1245
91217,1120,2026-09-27 11:21:46,view,1246
91218,1120,2026-09-27 18:39:08,view,1247
91219,1015,2026-09-27 17:08:14,view,1248
91220,1015,2026-09-27 17:14:56,search,1249
91221,1015,2026-09-27 14:24:04,search,1250
91222,1112,2026-09-27 19:36:47,view,1251
91223,1112,2026-09-27 16:50:17,view,1252
91224,1112,2026-09-27 20:36:50,cart,1253
91225,1112,2026-09-27 14:38:27,view,1254
91226,1167,2026-09-27 12:16:30,search,1255
91227,1167,2026-09-27 15:37:37,search,1256
91228,1206,2026-09-27 15:40:16,view,1257
91229,1206,2026-09-27 16:37:24,cart,1258
91230,1292,2026-09-27 14:45:22,search,1259
91231,1292,2026-09-27 10:07:58,view,1260
91232,1292,2026-09-27 12:24:34,cart,1261
91233,1292,2026-09-27 14:25:04,cart,1262
91234,1154,2026-09-27 14:37:11,cart,1263
91235,1154,2026-09-27 13:30:28,view,1264
91236,1154,2026-09-27 17:48:17,view,1265
91236,1154,2026-09-27 17:48:17,view,1266
91237,1037,2026-09-27 16:02:58,cart,1267
91238,1038,2026-09-27 12:04:33,cart,1268
91238,1038,2026-09-27 12:04:33,cart,1269
91239,1038,2026-09-27 19:07:39,cart,1270
91240,1038,2026-09-27 17:58:52,cart,1271
91241,1070,2026-09-27 14:01:59,view,1272
91242,1262,2026-09-27 14:45:56,view,1273
91243,1262,2026-09-27 12:18:32,view,1274
91244,1262,2026-09-27 17:26:27,view,1275
91245,1285,2026-09-27 09:11:52,view,1276
91246,1285,2026-09-27 08:32:42,search,1277
91247,1266,2026-09-27 10:54:00,view,1278
91248,1266,2026-09-27 10:54:34,view,1279
91249,1266,2026-09-27 11:08:12,view,1280
91250,1266,2026-09-27 10:30:26,cart,1281
91251,1141,2026-09-27 16:44:59,view,1282
91252,1141,2026-09-27 16:58:30,view,1283
91253,1141,2026-09-27 20:30:25,view,1284
91254,1141,2026-09-27 13:19:16,view,1285
91255,1229,2026-09-27 16:14:55,view,1286
91256,1084,2026-09-27 08:09:20,search,1287
91257,1084,2026-09-27 16:51:17,view,1288
91258,1220,2026-09-27 11:29:28,cart,1289
91259,1220,2026-09-27 21:03:12,cart,1290
91260,1220,2026-09-27 09:48:12,cart,1291
91261,1218,2026-09-27 11:18:37,view,1292
91262,1218,2026-09-27 10:05:45,cart,1293
91263,1218,2026-09-27 11:58:56,search,1294
91264,1218,2026-09-27 20:24:09,view,1295
91265,1032,2026-09-27 20:23:58,view,1296
91266,1032,2026-09-27 11:06:26,cart,1297
91267,1032,2026-09-27 17:11:33,search,1298
91268,1032,2026-09-27 21:02:31,cart,1299
91269,1272,2026-09-27 16:33:42,search,1300
91269,1272,2026-09-27 16:33:42,search,1301
91270,1272,2026-09-27 08:05:28,search,1302
91271,1272,2026-09-27 16:28:01,search,1303
91272,1061,2026-09-27 11:47:47,search,1304
91273,1061,2026-09-27 18:44:36,view,1305
91274,1061,2026-09-27 08:55:20,view,1306
91275,1061,2026-09-27 08:57:49,view,1307
91275,1061,2026-09-27 08:57:49,view,1308
91276,1198,2026-09-27 20:47:02,view,1309
91277,1198,2026-09-27 20:00:43,view,1310
91278,1198,2026-09-27 15:39:46,cart,1311
91279,1198,2026-09-27 15:58:14,search,1312
91280,1082,2026-09-27 10:20:58,cart,1313
91281,1082,2026-09-27 16:16:10,view,1314
91282,1105,2026-09-27 20:04:33,view,1315
91283,1105,2026-09-27 18:09:21,view,1316
91284,1275,2026-09-27 10:18:08,cart,1317
91285,1275,2026-09-27 16:11:51,view,1318
91286,1275,2026-09-27 19:27:42,cart,1319
91287,1250,2026-09-27 20:25:10,view,1320
91288,1056,2026-09-27 18:52:08,view,1321
91289,1255,2026-09-27 09:13:30,view,1322
91289,1255,2026-09-27 09:13:30,view,1323
91290,1196,2026-09-27 12:05:33,search,1324
91291,1196,2026-09-27 17:29:32,cart,1325
91292,1196,2026-09-27 08:47:55,cart,1326
91293,1287,2026-09-27 21:14:49,view,1327
91294,1287,2026-09-27 12:09:16,view,1328
91295,1287,2026-09-27 20:55:57,cart,1329
91296,1287,2026-09-27 13:12:57,search,1330
91297,1174,2026-09-27 14:59:15,search,1331
91298,1115,2026-09-27 18:46:53,view,1332
91299,1241,2026-09-27 19:16:38,cart,1333
91300,1241,2026-09-27 12:33:52,cart,1334
91301,1111,2026-09-27 14:31:18,view,1335
91302,1111,2026-09-27 08:51:55,view,1336
91303,1111,2026-09-27 14:51:55,view,1337
91304,1111,2026-09-27 18:45:41,search,1338
91305,1246,2026-09-27 19:55:53,view,1339
91306,1246,2026-09-27 18:42:49,view,1340
91307,1246,2026-09-27 15:35:32,search,1341
91308,1246,2026-09-27 19:11:49,search,1342
91309,1208,2026-09-27 13:21:08,search,1343
91310,1208,2026-09-27 13:26:34,search,1344
91311,1208,2026-09-27 19:24:33,view,1345
91312,1185,2026-09-27 10:01:01,view,1346
91313,1045,2026-09-27 17:30:06,view,1347
91314,1045,2026-09-27 18:45:35,cart,1348
91315,1045,2026-09-27 11:50:35,cart,1349
91316,1076,2026-09-27 20:48:16,view,1350
91317,1076,2026-09-27 10:40:17,search,1351
91318,1076,2026-09-27 19:36:02,view,1352
91319,1254,2026-09-27 15:24:08,view,1353
91320,1254,2026-09-27 09:05:36,view,1354
91321,1254,2026-09-27 14:45:19,view,1355
91322,1224,2026-09-27 18:24:57,search,1356
91323,1224,2026-09-27 18:48:23,view,1357
91324,1224,2026-09-27 08:14:11,view,1358
91325,1224,2026-09-27 09:40:50,cart,1359
91326,1096,2026-09-27 16:26:54,view,1360
91327,1096,2026-09-27 18:44:56,cart,1361
91328,1096,2026-09-27 18:46:09,cart,1362
91329,1122,2026-09-27 13:00:15,cart,1363
91330,1168,2026-09-27 08:05:05,view,1364
91331,1168,2026-09-27 12:29:32,cart,1365
91332,1225,2026-09-27 11:23:28,cart,1366
91333,1225,2026-09-27 18:28:47,view,1367
91334,1225,2026-09-27 08:13:49,view,1368
91335,1043,2026-09-27 08:11:19,cart,1369
91336,1204,2026-09-27 12:43:15,cart,1370
91337,1291,2026-09-27 14:55:36,view,1371
91338,1291,2026-09-27 09:23:16,view,1372
91339,1273,2026-09-27 19:20:45,search,1373
91340,1273,2026-09-27 09:06:28,search,1374
91341,1240,2026-09-27 09:39:35,search,1375
91342,1240,2026-09-27 15:02:14,view,1376
91343,1240,2026-09-27 12:28:29,view,1377
91344,1240,2026-09-27 18:22:04,cart,1378
91345,1193,2026-09-27 21:59:40,cart,1379
91346,1108,2026-09-27 12:21:45,view,1380
91347,1108,2026-09-27 12:23:55,cart,1381
91348,1108,2026-09-27 14:29:43,view,1382
91349,1108,2026-09-27 09:01:43,cart,1383
91350,1097,2026-09-27 19:18:26,cart,1384
91351,1097,2026-09-27 19:53:51,view,1385
91352,1134,2026-09-27 16:39:33,view,1386
91353,1134,2026-09-27 16:09:59,cart,1387
91354,1134,2026-09-27 21:26:38,view,1388
91355,1244,2026-09-27 21:16:46,view,1389
91356,1242,2026-09-27 17:07:08,cart,1390
91357,1151,2026-09-27 12:09:55,cart,1391
91358,1151,2026-09-27 17:59:22,cart,1392
91359,1151,2026-09-27 15:05:57,view,1393
91360,1210,2026-09-27 11:07:16,search,1394
91361,1210,2026-09-27 10:00:54,cart,1395
91362,1210,2026-09-27 20:10:27,cart,1396
91363,1058,2026-09-27 11:05:17,cart,1397
91364,1058,2026-09-27 09:36:28,view,1398
91365,1058,2026-09-27 10:45:53,view,1399
91366,1299,2026-09-27 19:52:53,view,1400
91367,1299,2026-09-27 15:28:46,search,1401
91368,1299,2026-09-27 12:46:35,search,1402
91369,1299,2026-09-27 17:37:37,view,1403
91370,1146,2026-09-27 12:50:46,search,1404
91371,1146,2026-09-27 17:15:28,view,1405
91372,1146,2026-09-27 09:30:18,cart,1406
91373,1209,2026-09-27 14:46:34,search,1407
91374,1188,2026-09-27 16:32:28,cart,1408
91375,1188,2026-09-27 16:00:35,cart,1409
91376,1188,2026-09-27 10:28:37,view,1410
91377,1106,2026-09-27 20:53:36,view,1411
91378,1088,2026-09-27 17:57:19,cart,1412
91379,1088,2026-09-27 11:02:55,view,1413
91380,1088,2026-09-27 12:55:55,view,1414
91380,1088,2026-09-27 12:55:55,view,1415
91381,1088,2026-09-27 13:47:57,cart,1416
91382,1001,2026-09-27 11:24:47,search,1417
91383,1001,2026-09-27 19:06:27,view,1418
91384,1021,2026-09-27 18:06:18,search,1419
91385,1048,2026-09-27 13:14:30,view,1420
91386,1048,2026-09-27 17:36:28,cart,1421
91387,1048,2026-09-27 21:02:35,cart,1422
91388,1073,2026-09-27 12:12:33,view,1423
91389,1073,2026-09-27 17:41:21,search,1424
91390,1010,2026-09-27 19:18:37,view,1425
91391,1165,2026-09-27 08:09:28,view,1426
91392,1165,2026-09-27 15:32:53,cart,1427
91393,1165,2026-09-27 08:22:09,search,1428
91394,1104,2026-09-27 15:32:58,cart,1429
91395,1104,2026-09-27 20:45:22,search,1430
91396,1104,2026-09-27 12:20:42,cart,1431
91397,1104,2026-09-27 13:24:46,view,1432
91398,1042,2026-09-27 15:05:27,view,1433
91399,1042,2026-09-27 17:37:51,view,1434
91400,1080,2026-09-27 09:27:26,view,1435
91401,1119,2026-09-27 20:47:23,cart,1436
91402,1214,2026-09-27 08:24:07,view,1437
91403,1214,2026-09-27 19:44:47,cart,1438
91404,1214,2026-09-27 10:35:24,view,1439
91405,1034,2026-09-27 10:58:07,cart,1440
91406,1034,2026-09-27 20:07:28,cart,1441
91407,1034,2026-09-27 12:16:30,view,1442
91408,1091,2026-09-27 09:15:15,view,1443
91409,1091,2026-09-27 08:39:17,view,1444
91410,1091,2026-09-27 12:35:36,search,1445
91411,1202,2026-09-27 21:26:55,search,1446
91412,1202,2026-09-27 21:23:02,search,1447
91413,1278,2026-09-27 20:08:23,search,1448
91414,1278,2026-09-27 16:30:16,search,1449
91415,1278,2026-09-27 16:00:59,view,1450
91416,1050,2026-09-27 17:41:03,view,1451
91417,1050,2026-09-27 17:59:07,search,1452
91418,1050,2026-09-27 12:44:13,view,1453
91419,1160,2026-09-27 15:01:22,view,1454
91420,1160,2026-09-27 12:56:51,cart,1455
91421,1160,2026-09-27 15:51:46,view,1456
91422,1160,2026-09-27 11:58:48,view,1457
91423,1047,2026-09-27 13:54:10,search,1458
91424,1047,2026-09-27 12:04:04,view,1459
91425,1047,2026-09-27 15:18:11,cart,1460
91426,1047,2026-09-27 10:59:04,view,1461
91427,1118,2026-09-27 09:38:43,view,1462
91428,1118,2026-09-27 09:10:20,cart,1463
91429,1008,2026-09-27 21:29:01,view,1464
91430,1008,2026-09-27 19:49:22,search,1465
91431,1008,2026-09-27 19:44:06,view,1466
91432,1008,2026-09-27 13:32:16,search,1467
91433,1258,2026-09-27 13:18:47,search,1468
91434,1221,2026-09-27 14:07:56,search,1469
91435,1221,2026-09-27 13:29:10,view,1470
91436,1221,2026-09-27 20:41:51,view,1471
91437,1221,2026-09-27 11:06:53,view,1472
91438,1283,2026-09-27 21:23:26,view,1473
91439,1176,2026-09-27 15:14:06,search,1474
91440,1176,2026-09-27 19:26:54,view,1475
91441,1176,2026-09-27 14:43:33,view,1476
91442,1176,2026-09-27 20:26:07,cart,1477
91443,1184,2026-09-27 18:22:50,search,1478
91444,1184,2026-09-27 10:48:33,view,1479
91445,1184,2026-09-27 17:03:30,view,1480
91446,1184,2026-09-27 15:27:50,search,1481
91447,1129,2026-09-27 21:22:50,view,1482
91448,1129,2026-09-27 16:30:26,cart,1483
91449,1129,2026-09-27 18:21:26,search,1484
91450,1129,2026-09-27 14:44:44,search,1485
91451,1296,2026-09-27 20:22:36,cart,1486
91452,1296,2026-09-27 10:21:42,cart,1487
91453,1296,2026-09-27 15:19:05,view,1488
91454,1296,2026-09-27 19:08:26,search,1489
91455,1139,2026-09-27 08:52:51,view,1490
91456,1289,2026-09-27 08:36:43,search,1491
91457,1289,2026-09-27 18:07:20,cart,1492
91458,1289,2026-09-27 10:09:35,view,1493
91459,1289,2026-09-27 20:41:34,view,1494
91460,1067,2026-09-27 18:01:23,cart,1495
91461,1067,2026-09-27 15:04:15,view,1496
91462,1027,2026-09-27 18:13:50,view,1497
91463,1027,2026-09-27 09:21:24,view,1498
91464,1027,2026-09-27 19:55:11,search,1499
91465,1027,2026-09-27 15:54:45,view,1500
91466,1164,2026-09-27 16:44:19,search,1501
91466,1164,2026-09-27 16:44:19,search,1502
91467,1155,2026-09-27 13:17:46,view,1503
91468,1155,2026-09-27 16:11:50,cart,1504
91469,1217,2026-09-27 08:19:43,search,1505
91470,1159,2026-09-27 12:52:18,cart,1506
91471,1121,2026-09-27 10:40:19,view,1507
91472,1121,2026-09-27 15:31:42,cart,1508
91473,1121,2026-09-27 18:00:33,view,1509
91474,1213,2026-09-27 16:06:02,view,1510
91475,1213,2026-09-27 11:59:20,view,1511
91476,1213,2026-09-27 14:02:41,search,1512
91477,1213,2026-09-27 09:18:31,view,1513
91478,1069,2026-09-27 15:28:57,search,1514
91479,1069,2026-09-27 09:40:38,view,1515
91480,1069,2026-09-27 14:01:50,view,1516
91481,1186,2026-09-27 09:33:07,cart,1517
91482,1186,2026-09-27 15:08:38,search,1518
91483,1186,2026-09-27 21:13:37,search,1519
91484,1186,2026-09-27 13:10:54,view,1520
91485,1223,2026-09-27 08:20:37,cart,1521
91486,1223,2026-09-27 11:14:29,cart,1522
91487,1223,2026-09-27 09:41:11,cart,1523
91488,1040,2026-09-27 09:27:12,cart,1524
91489,1189,2026-09-27 20:15:31,view,1525
91489,1189,2026-09-27 20:15:31,view,1526
91490,1190,2026-09-27 20:30:57,view,1527
91491,1267,2026-09-27 12:26:20,view,1528
91492,1267,2026-09-27 08:27:38,search,1529
91493,1267,2026-09-27 13:40:44,view,1530
91494,1267,2026-09-27 11:57:36,cart,1531
91495,1093,2026-09-27 15:13:40,view,1532
91496,1093,2026-09-27 17:48:17,cart,1533
91497,1066,2026-09-27 21:30:45,search,1534
91498,1066,2026-09-27 17:28:04,view,1535
91499,1066,2026-09-27 11:53:22,view,1536
91500,1033,2026-09-27 17:58:30,view,1537
91501,1033,2026-09-27 13:14:56,view,1538
91502,1033,2026-09-27 10:04:02,search,1539
91503,1230,2026-09-27 18:27:29,cart,1540
91504,1230,2026-09-27 11:18:37,search,1541
91505,1230,2026-09-27 12:53:52,view,1542
91506,1230,2026-09-27 15:33:59,view,1543
91507,1216,2026-09-27 13:46:29,view,1544
91508,1280,2026-09-27 17:46:39,cart,1545
91509,1280,2026-09-27 17:13:40,cart,1546
91510,1280,2026-09-27 20:07:49,view,1547
91511,1280,2026-09-27 14:02:54,view,1548
91512,1171,2026-09-27 20:54:47,view,1549
91513,1031,2026-09-27 08:57:04,cart,1550
91514,1031,2026-09-27 09:13:36,cart,1551
91515,1031,2026-09-27 14:56:17,view,1552
91516,1083,2026-09-27 09:05:01,view,1553
91517,1083,2026-09-27 11:18:10,view,1554
91518,1083,2026-09-27 10:25:05,view,1555
91519,1087,2026-09-27 14:49:13,view,1556
91520,1087,2026-09-27 19:29:00,view,1557
91521,1268,2026-09-27 19:48:46,cart,1558
91522,1268,2026-09-27 15:23:05,view,1559
91523,1268,2026-09-27 19:32:25,search,1560
91524,1268,2026-09-27 10:21:02,search,1561
91525,1133,2026-09-27 10:53:17,view,1562
91526,1090,2026-09-27 13:52:23,cart,1563
91527,1142,2026-09-27 16:45:00,view,1564
91528,1142,2026-09-27 13:45:02,view,1565
91529,1172,2026-09-27 08:57:24,cart,1566
91530,1172,2026-09-27 21:09:18,search,1567
91531,1172,2026-09-27 21:53:22,cart,1568
91532,1172,2026-09-27 09:20:56,cart,1569
91533,1157,2026-09-27 20:24:05,view,1570
91534,1227,2026-09-27 15:41:28,view,1571
91535,1227,2026-09-27 16:32:29,view,1572
91536,1227,2026-09-27 21:41:51,view,1573
91537,1161,2026-09-27 10:24:14,search,1574
91538,1161,2026-09-27 15:10:32,view,1575
91539,1161,2026-09-27 11:09:19,view,1576
91540,1035,2026-09-27 12:07:40,view,1577
91541,1035,2026-09-27 14:44:16,view,1578
91542,1124,2026-09-27 21:49:42,view,1579
91543,1124,2026-09-27 20:37:11,search,1580
91544,1124,2026-09-27 11:23:19,view,1581
91545,1222,2026-09-27 09:54:56,search,1582
91546,1222,2026-09-27 14:27:57,view,1583
91547,1222,2026-09-27 12:14:36,view,1584
91548,1222,2026-09-27 21:50:23,cart,1585
91549,1030,2026-09-27 19:37:30,view,1586
91550,1030,2026-09-27 11:59:16,view,1587
91551,1197,2026-09-27 19:27:56,view,1588
91552,1197,2026-09-27 18:15:21,view,1589
91553,1016,2026-09-27 15:20:24,view,1590
91554,1016,2026-09-27 13:34:04,search,1591
91555,1016,2026-09-27 08:41:05,search,1592
91556,1016,2026-09-27 12:57:35,view,1593
91557,1170,2026-09-27 19:40:31,view,1594
91558,1023,2026-09-27 09:19:23,search,1595
91559,1263,2026-09-27 18:33:04,view,1596
91559,1263,2026-09-27 18:33:04,view,1597
91560,1019,2026-09-27 19:54:28,search,1598
91561,1128,2026-09-27 11:10:49,view,1599
91562,1256,2026-09-27 15:38:56,view,1600
91563,1256,2026-09-27 09:44:39,cart,1601
91564,1256,2026-09-27 12:02:13,cart,1602
91565,1199,2026-09-27 08:59:31,view,1603
91566,1199,2026-09-27 13:19:26,cart,1604
91567,1199,2026-09-27 14:38:29,search,1605
91568,1199,2026-09-27 19:57:55,view,1606
91569,1300,2026-09-27 15:49:39,cart,1607
91570,1300,2026-09-27 08:58:24,view,1608
91571,1243,2026-09-27 11:16:35,search,1609
91572,1011,2026-09-27 08:26:03,view,1610
91573,1011,2026-09-27 17:54:01,view,1611
91574,1011,2026-09-27 16:23:20,cart,1612
91575,1055,2026-09-27 08:10:38,cart,1613
91576,1055,2026-09-27 17:16:06,view,1614
91577,1055,2026-09-27 12:30:34,cart,1615
91578,1055,2026-09-27 15:36:09,view,1616
91579,1264,2026-09-27 17:15:15,view,1617
91580,1264,2026-09-27 20:08:29,view,1618
91581,1004,2026-09-27 09:54:10,search,1619
91582,0,2026-09-27 08:41:50,view,1620
91583,1154,2026-09-27 08:41:50,unknown,1621
91584,1051,2026-09-28 16:05:31,view,1622
91585,1051,2026-09-28 20:26:16,search,1623
91586,1281,2026-09-28 14:13:36,search,1624
91587,1281,2026-09-28 15:08:18,search,1625
91588,1281,2026-09-28 14:30:14,cart,1626
91589,1048,2026-09-28 11:06:48,cart,1627
91590,1048,2026-09-28 14:09:07,view,1628
91590,1048,2026-09-28 14:09:07,view,1629
91591,1048,2026-09-28 10:17:05,search,1630
91592,1152,2026-09-28 16:22:51,view,1631
91593,1152,2026-09-28 09:32:05,view,1632
91594,1152,2026-09-28 19:46:10,cart,1633
91595,1045,2026-09-28 19:58:10,cart,1634
91596,1045,2026-09-28 19:40:09,view,1635
91597,1052,2026-09-28 13:15:22,search,1636
91598,1052,2026-09-28 21:42:26,view,1637
91599,1052,2026-09-28 16:23:27,cart,1638
91600,1141,2026-09-28 12:38:51,cart,1639
91601,1141,2026-09-28 19:42:45,search,1640
91602,1141,2026-09-28 10:19:08,view,1641
91603,1089,2026-09-28 12:03:04,cart,1642
91604,1089,2026-09-28 20:30:43,view,1643
91605,1089,2026-09-28 21:41:19,search,1644
91606,1070,2026-09-28 12:53:26,cart,1645
91607,1148,2026-09-28 21:38:24,search,1646
91608,1148,2026-09-28 19:39:02,cart,1647
91609,1148,2026-09-28 16:49:22,search,1648
91610,1148,2026-09-28 15:15:58,view,1649
91611,1157,2026-09-28 12:06:40,view,1650
91612,1157,2026-09-28 13:10:23,view,1651
91613,1113,2026-09-28 19:29:26,search,1652
91614,1113,2026-09-28 14:00:35,cart,1653
91615,1288,2026-09-28 13:53:03,view,1654
91616,1099,2026-09-28 20:14:49,view,1655
91617,1099,2026-09-28 18:40:07,view,1656
91618,1099,2026-09-28 17:38:16,search,1657
91619,1099,2026-09-28 14:30:05,cart,1658
91620,1233,2026-09-28 14:34:42,cart,1659
91620,1233,2026-09-28 14:34:42,cart,1660
91621,1233,2026-09-28 09:52:58,view,1661
91622,1081,2026-09-28 14:22:43,cart,1662
91623,1081,2026-09-28 21:20:02,cart,1663
91624,1081,2026-09-28 13:51:38,view,1664
91625,1081,2026-09-28 13:46:53,cart,1665
91626,1097,2026-09-28 12:01:56,view,1666
91627,1103,2026-09-28 09:23:30,view,1667
91628,1103,2026-09-28 12:37:22,search,1668
91629,1215,2026-09-28 16:01:24,view,1669
91630,1215,2026-09-28 08:32:55,search,1670
91631,1215,2026-09-28 08:08:26,view,1671
91632,1215,2026-09-28 10:33:09,view,1672
91633,1244,2026-09-28 18:25:59,view,1673
91634,1244,2026-09-28 11:54:48,view,1674
91634,1244,2026-09-28 11:54:48,view,1675
91635,1004,2026-09-28 13:21:21,search,1676
91636,1004,2026-09-28 17:45:43,cart,1677
91637,1004,2026-09-28 09:09:35,cart,1678
91638,1004,2026-09-28 16:31:09,view,1679
91639,1287,2026-09-28 21:32:00,view,1680
91640,1067,2026-09-28 11:04:31,view,1681
91641,1212,2026-09-28 15:09:52,cart,1682
91642,1212,2026-09-28 16:47:38,view,1683
91643,1212,2026-09-28 10:14:24,view,1684
91644,1153,2026-09-28 15:55:57,cart,1685
91645,1153,2026-09-28 10:18:51,view,1686
91646,1207,2026-09-28 14:36:48,cart,1687
91647,1207,2026-09-28 18:47:25,view,1688
91648,1016,2026-09-28 19:08:24,view,1689
91649,1016,2026-09-28 11:10:08,search,1690
91649,1016,2026-09-28 11:10:08,search,1691
91650,1016,2026-09-28 09:21:00,view,1692
91651,1016,2026-09-28 21:01:34,view,1693
91652,1216,2026-09-28 19:49:18,view,1694
91653,1178,2026-09-28 20:56:22,view,1695
91654,1265,2026-09-28 20:19:59,search,1696
91655,1053,2026-09-28 13:15:59,view,1697
91656,1053,2026-09-28 13:41:48,view,1698
91657,1119,2026-09-28 09:28:27,view,1699
91658,1295,2026-09-28 18:33:52,view,1700
91659,1295,2026-09-28 16:36:36,view,1701
91660,1295,2026-09-28 17:23:11,view,1702
91661,1227,2026-09-28 18:31:03,cart,1703
91661,1227,2026-09-28 18:31:03,cart,1704
91662,1227,2026-09-28 15:43:26,view,1705
91663,1227,2026-09-28 20:10:56,cart,1706
91664,1227,2026-09-28 16:27:31,search,1707
91665,1042,2026-09-28 15:54:40,view,1708
91666,1042,2026-09-28 19:30:42,view,1709
91667,1087,2026-09-28 11:54:03,cart,1710
91668,1087,2026-09-28 12:51:37,search,1711
91669,1117,2026-09-28 14:37:15,view,1712
91669,1117,2026-09-28 14:37:15,view,1713
91670,1117,2026-09-28 10:55:14,search,1714
91671,1117,2026-09-28 09:29:09,view,1715
91672,1117,2026-09-28 14:58:04,view,1716
91673,1091,2026-09-28 10:01:28,search,1717
91674,1278,2026-09-28 15:39:32,view,1718
91675,1278,2026-09-28 21:09:33,view,1719
91676,1278,2026-09-28 10:27:30,view,1720
91677,1278,2026-09-28 21:21:21,search,1721
91678,1107,2026-09-28 09:04:41,view,1722
91679,1107,2026-09-28 10:18:58,view,1723
91680,1107,2026-09-28 11:52:39,cart,1724
91681,1100,2026-09-28 21:21:59,view,1725
91682,1100,2026-09-28 17:01:44,search,1726
91683,1002,2026-09-28 15:58:47,search,1727
91684,1002,2026-09-28 16:14:24,cart,1728
91685,1002,2026-09-28 16:31:58,view,1729
91686,1002,2026-09-28 16:51:02,view,1730
91687,1261,2026-09-28 09:29:55,cart,1731
91688,1261,2026-09-28 14:09:59,cart,1732
91689,1231,2026-09-28 13:23:29,view,1733
91690,1231,2026-09-28 17:46:21,search,1734
91691,1231,2026-09-28 18:44:03,view,1735
91692,1125,2026-09-28 20:37:57,search,1736
91693,1125,2026-09-28 19:10:43,cart,1737
91694,1125,2026-09-28 16:47:32,view,1738
91695,1125,2026-09-28 14:15:14,view,1739
91696,1291,2026-09-28 09:15:05,view,1740
91697,1291,2026-09-28 19:21:43,view,1741
91698,1268,2026-09-28 14:54:37,view,1742
91699,1268,2026-09-28 17:58:13,search,1743
91700,1268,2026-09-28 11:52:21,view,1744
91701,1012,2026-09-28 19:38:10,cart,1745
91702,1012,2026-09-28 15:11:01,cart,1746
91703,1012,2026-09-28 18:40:20,view,1747
91704,1012,2026-09-28 08:22:08,search,1748
91705,1297,2026-09-28 18:22:58,search,1749
91706,1254,2026-09-28 14:29:37,view,1750
91707,1254,2026-09-28 17:05:24,view,1751
91708,1254,2026-09-28 08:38:10,view,1752
91709,1243,2026-09-28 11:47:10,view,1753
91710,1243,2026-09-28 18:53:11,view,1754
91711,1096,2026-09-28 14:56:41,cart,1755
91712,1096,2026-09-28 14:20:22,cart,1756
91713,1096,2026-09-28 09:55:04,search,1757
91714,1077,2026-09-28 13:16:11,search,1758
91715,1055,2026-09-28 09:04:22,search,1759
91716,1055,2026-09-28 15:43:35,cart,1760
91717,1055,2026-09-28 18:28:50,search,1761
91718,1055,2026-09-28 10:53:16,view,1762
91719,1138,2026-09-28 10:05:29,view,1763
91720,1138,2026-09-28 21:48:22,cart,1764
91721,1138,2026-09-28 08:30:53,view,1765
91722,1163,2026-09-28 16:21:04,view,1766
91723,1127,2026-09-28 14:46:43,view,1767
91724,1127,2026-09-28 16:14:23,cart,1768
91725,1127,2026-09-28 09:21:27,view,1769
91726,1217,2026-09-28 21:53:33,cart,1770
91727,1172,2026-09-28 15:26:33,view,1771
91728,1172,2026-09-28 10:51:38,view,1772
91729,1172,2026-09-28 14:47:21,cart,1773
91730,1172,2026-09-28 16:44:03,cart,1774
91731,1162,2026-09-28 17:11:50,search,1775
91732,1162,2026-09-28 20:16:50,search,1776
91733,1007,2026-09-28 08:51:05,view,1777
91734,1007,2026-09-28 19:22:21,view,1778
91735,1120,2026-09-28 15:44:26,view,1779
91736,1120,2026-09-28 13:14:29,search,1780
91737,1201,2026-09-28 16:42:46,view,1781
91738,1132,2026-09-28 12:48:48,view,1782
91739,1132,2026-09-28 16:16:10,search,1783
91740,1102,2026-09-28 18:29:10,view,1784
91741,1102,2026-09-28 17:20:19,search,1785
91742,1102,2026-09-28 13:01:07,view,1786
91743,1159,2026-09-28 15:37:00,view,1787
91744,1069,2026-09-28 19:35:20,cart,1788
91745,1063,2026-09-28 17:13:18,view,1789
91746,1063,2026-09-28 10:51:37,view,1790
91747,1187,2026-09-28 19:01:58,view,1791
91748,1187,2026-09-28 11:52:21,view,1792
91749,1187,2026-09-28 13:37:35,view,1793
91750,1187,2026-09-28 18:13:02,search,1794
91751,1221,2026-09-28 17:43:53,cart,1795
91752,1221,2026-09-28 09:31:17,cart,1796
91753,1245,2026-09-28 21:52:01,view,1797
91754,1245,2026-09-28 18:08:08,view,1798
91755,1245,2026-09-28 08:58:55,view,1799
91756,1245,2026-09-28 18:20:19,view,1800
91757,1036,2026-09-28 19:30:25,view,1801
91758,1036,2026-09-28 19:43:16,view,1802
91759,1220,2026-09-28 17:48:45,cart,1803
91760,1220,2026-09-28 11:45:37,search,1804
91761,1220,2026-09-28 19:04:53,view,1805
91762,1122,2026-09-28 12:10:15,view,1806
91763,1122,2026-09-28 13:35:21,search,1807
91764,1122,2026-09-28 08:49:14,view,1808
91765,1015,2026-09-28 08:24:29,view,1809
91766,1015,2026-09-28 17:50:15,cart,1810
91767,1015,2026-09-28 12:17:06,cart,1811
91768,1140,2026-09-28 21:45:04,view,1812
91769,1140,2026-09-28 19:15:39,view,1813
91770,1140,2026-09-28 17:02:43,view,1814
91771,1098,2026-09-28 13:30:37,search,1815
91772,1098,2026-09-28 08:59:11,view,1816
91773,1098,2026-09-28 09:16:00,view,1817
91774,1098,2026-09-28 14:24:25,view,1818
91775,1185,2026-09-28 14:43:54,view,1819
91776,1185,2026-09-28 21:28:17,search,1820
91777,1175,2026-09-28 20:24:22,view,1821
91778,1175,2026-09-28 08:34:06,view,1822
91779,1139,2026-09-28 17:28:45,search,1823
91780,1139,2026-09-28 15:05:39,search,1824
91781,1139,2026-09-28 13:40:10,cart,1825
91782,1139,2026-09-28 13:18:43,search,1826
91783,1166,2026-09-28 17:01:27,cart,1827
91784,1155,2026-09-28 11:19:31,cart,1828
91784,1155,2026-09-28 11:19:31,cart,1829
91785,1155,2026-09-28 20:07:39,cart,1830
91786,1155,2026-09-28 13:34:19,view,1831
91787,1155,2026-09-28 08:44:27,view,1832
91788,1236,2026-09-28 11:37:09,cart,1833
91789,1021,2026-09-28 10:51:59,view,1834
91790,1025,2026-09-28 09:10:18,search,1835
91791,1025,2026-09-28 19:42:12,search,1836
91792,1112,2026-09-28 09:40:18,search,1837
91793,1112,2026-09-28 09:30:26,cart,1838
91794,1112,2026-09-28 18:47:21,view,1839
91795,1112,2026-09-28 17:15:04,view,1840
91796,1230,2026-09-28 21:52:01,cart,1841
91797,1230,2026-09-28 12:20:11,search,1842
91798,1238,2026-09-28 19:10:50,view,1843
91798,1238,2026-09-28 19:10:50,view,1844
91799,1238,2026-09-28 19:08:16,view,1845
91800,1238,2026-09-28 16:06:29,cart,1846
91801,1238,2026-09-28 10:42:39,view,1847
91802,1214,2026-09-28 12:23:44,view,1848
91803,1214,2026-09-28 17:45:39,cart,1849
91804,1093,2026-09-28 12:45:10,view,1850
91805,1093,2026-09-28 18:00:28,search,1851
91806,1093,2026-09-28 09:47:41,search,1852
91807,1093,2026-09-28 18:06:59,view,1853
91808,1260,2026-09-28 13:18:06,cart,1854
91809,1260,2026-09-28 12:33:26,cart,1855
91810,1260,2026-09-28 09:06:19,view,1856
91811,1260,2026-09-28 14:27:22,cart,1857
91812,1158,2026-09-28 20:57:19,view,1858
91813,1158,2026-09-28 09:24:21,search,1859
91814,1158,2026-09-28 11:37:40,view,1860
91815,1158,2026-09-28 10:22:38,view,1861
91816,1213,2026-09-28 13:40:26,cart,1862
91817,1213,2026-09-28 14:57:51,cart,1863
91818,1118,2026-09-28 11:12:02,search,1864
91819,1118,2026-09-28 19:50:14,view,1865
91820,1118,2026-09-28 21:32:33,view,1866
91821,1118,2026-09-28 14:25:07,cart,1867
91822,1199,2026-09-28 10:29:35,search,1868
91823,1199,2026-09-28 15:53:16,search,1869
91824,1199,2026-09-28 20:51:32,view,1870
91825,1151,2026-09-28 09:45:58,view,1871
91825,1151,2026-09-28 09:45:58,view,1872
91826,1151,2026-09-28 21:18:35,view,1873
91827,1151,2026-09-28 16:43:10,view,1874
91828,1151,2026-09-28 11:16:30,search,1875
91829,1029,2026-09-28 20:34:18,cart,1876
91830,1029,2026-09-28 10:08:20,view,1877
91831,1029,2026-09-28 09:44:56,search,1878
91832,1029,2026-09-28 11:47:18,search,1879
91833,1033,2026-09-28 13:09:14,view,1880
91834,1033,2026-09-28 10:30:19,view,1881
91835,1033,2026-09-28 11:12:57,cart,1882
91836,1033,2026-09-28 16:52:24,view,1883
91837,1228,2026-09-28 13:16:14,view,1884
91838,1228,2026-09-28 11:09:52,view,1885
91839,1228,2026-09-28 13:13:07,search,1886
91840,1228,2026-09-28 14:38:32,cart,1887
91841,1145,2026-09-28 17:08:11,search,1888
91842,1145,2026-09-28 18:21:04,cart,1889
91843,1032,2026-09-28 14:52:49,view,1890
91844,1234,2026-09-28 09:08:20,view,1891
91845,1234,2026-09-28 20:20:37,search,1892
91846,1234,2026-09-28 09:10:28,view,1893
91847,1056,2026-09-28 16:07:24,search,1894
91848,1056,2026-09-28 21:35:30,search,1895
91849,1056,2026-09-28 21:37:09,search,1896
91850,1056,2026-09-28 18:26:48,search,1897
91851,1058,2026-09-28 10:00:47,cart,1898
91852,1202,2026-09-28 19:07:08,cart,1899
91853,1202,2026-09-28 20:11:04,cart,1900
91854,1202,2026-09-28 12:40:59,search,1901
91855,1202,2026-09-28 15:09:59,view,1902
91856,1041,2026-09-28 15:48:32,search,1903
91857,1143,2026-09-28 20:01:32,view,1904
91858,1198,2026-09-28 10:19:54,view,1905
91859,1014,2026-09-28 18:10:52,view,1906
91860,1014,2026-09-28 12:36:44,view,1907
91861,1014,2026-09-28 11:22:14,search,1908
91861,1014,2026-09-28 11:22:14,search,1909
91862,1014,2026-09-28 08:51:43,cart,1910
91863,1079,2026-09-28 11:21:08,cart,1911
91864,1079,2026-09-28 18:33:31,search,1912
91865,1079,2026-09-28 17:46:34,search,1913
91866,1289,2026-09-28 13:15:12,view,1914
91867,1080,2026-09-28 14:46:25,cart,1915
91868,1010,2026-09-28 16:33:15,view,1916
91868,1010,2026-09-28 16:33:15,view,1917
91869,1010,2026-09-28 21:19:03,cart,1918
91870,1274,2026-09-28 09:02:47,cart,1919
91871,1274,2026-09-28 10:26:58,search,1920
91872,1196,2026-09-28 12:02:03,cart,1921
91873,1196,2026-09-28 19:07:20,cart,1922
91874,1193,2026-09-28 19:44:31,view,1923
91875,1193,2026-09-28 09:43:07,search,1924
91876,1193,2026-09-28 10:08:42,view,1925
91877,1068,2026-09-28 09:23:26,search,1926
91878,1068,2026-09-28 16:41:21,view,1927
91879,1167,2026-09-28 20:06:52,view,1928
91880,1277,2026-09-28 13:43:30,search,1929
91881,1277,2026-09-28 14:08:32,search,1930
91882,1277,2026-09-28 09:36:23,view,1931
91883,1006,2026-09-28 15:17:44,view,1932
91884,1006,2026-09-28 20:54:31,view,1933
91885,1181,2026-09-28 14:22:35,cart,1934
91886,1181,2026-09-28 09:59:55,view,1935
91887,1181,2026-09-28 15:48:14,search,1936
91888,1181,2026-09-28 15:39:44,view,1937
91889,1235,2026-09-28 11:34:27,view,1938
91890,1235,2026-09-28 09:16:14,cart,1939
91891,1235,2026-09-28 11:58:07,view,1940
91892,1235,2026-09-28 12:37:28,view,1941
91893,1073,2026-09-28 20:35:55,view,1942
91894,1073,2026-09-28 17:32:44,view,1943
91895,1130,2026-09-28 10:16:37,view,1944
91896,1130,2026-09-28 21:43:13,cart,1945
91897,1130,2026-09-28 13:21:42,view,1946
91898,1001,2026-09-28 10:47:24,cart,1947
91899,1035,2026-09-28 16:40:50,view,1948
91900,1035,2026-09-28 09:41:15,view,1949
91900,1035,2026-09-28 09:41:15,view,1950
91901,1035,2026-09-28 11:29:56,view,1951
91902,1035,2026-09-28 18:03:55,search,1952
91903,1186,2026-09-28 21:43:52,view,1953
91904,1186,2026-09-28 17:19:47,view,1954
91905,1186,2026-09-28 08:46:18,view,1955
91906,1189,2026-09-28 12:58:31,cart,1956
91907,1090,2026-09-28 21:06:05,search,1957
91908,1300,2026-09-28 19:07:42,cart,1958
91909,1300,2026-09-28 14:31:45,cart,1959
91910,1300,2026-09-28 11:37:01,cart,1960
91911,1300,2026-09-28 09:30:34,cart,1961
91912,1018,2026-09-28 14:00:50,view,1962
91913,1018,2026-09-28 21:28:06,cart,1963
91914,1018,2026-09-28 13:27:49,view,1964
91915,1018,2026-09-28 13:05:58,search,1965
91916,1009,2026-09-28 20:05:14,view,1966
91917,1009,2026-09-28 18:26:32,view,1967
91918,1009,2026-09-28 09:45:54,cart,1968
91919,1009,2026-09-28 14:38:07,cart,1969
91920,1283,2026-09-28 17:45:41,search,1970
91921,1283,2026-09-28 14:42:32,search,1971
91922,1011,2026-09-28 21:47:10,cart,1972
91923,1011,2026-09-28 17:32:19,search,1973
91924,1011,2026-09-28 08:44:10,cart,1974
91925,1209,2026-09-28 12:21:57,view,1975
91926,1209,2026-09-28 10:07:39,cart,1976
91927,1209,2026-09-28 12:11:46,view,1977
91928,1290,2026-09-28 16:20:01,view,1978
91929,1290,2026-09-28 09:00:35,search,1979
91930,1290,2026-09-28 11:56:42,cart,1980
91931,1290,2026-09-28 18:47:10,cart,1981
91932,1250,2026-09-28 12:46:46,cart,1982
91933,1250,2026-09-28 15:57:05,view,1983
91934,1250,2026-09-28 21:10:28,search,1984
91935,1084,2026-09-28 08:28:23,cart,1985
91936,1174,2026-09-28 09:56:46,view,1986
91937,1174,2026-09-28 15:55:35,view,1987
91938,1174,2026-09-28 14:57:26,view,1988
91939,1046,2026-09-28 15:30:11,search,1989
91940,1150,2026-09-28 10:58:28,view,1990
91941,1150,2026-09-28 12:39:22,search,1991
91942,1150,2026-09-28 19:13:32,search,1992
91943,1150,2026-09-28 21:22:06,cart,1993
91944,1020,2026-09-28 11:53:02,cart,1994
91945,1020,2026-09-28 18:04:05,cart,1995
91946,1020,2026-09-28 18:46:55,view,1996
91947,1020,2026-09-28 14:00:02,view,1997
91948,1183,2026-09-28 09:41:18,cart,1998
91949,1183,2026-09-28 18:07:13,cart,1999
91950,1027,2026-09-28 19:26:14,cart,2000
91951,1027,2026-09-28 16:07:33,search,2001
91952,1027,2026-09-28 17:36:33,search,2002
91953,1116,2026-09-28 12:02:30,view,2003
91954,1116,2026-09-28 12:29:44,view,2004
91955,1239,2026-09-28 08:27:40,cart,2005
91956,1239,2026-09-28 09:07:28,view,2006
91957,1239,2026-09-28 15:26:30,view,2007
91958,1229,2026-09-28 12:28:36,view,2008
91959,1229,2026-09-28 10:06:42,search,2009
91960,1229,2026-09-28 10:41:49,view,2010
91961,1229,2026-09-28 08:54:36,view,2011
91962,1146,2026-09-28 08:38:03,view,2012
91963,1146,2026-09-28 16:46:27,cart,2013
91964,1146,2026-09-28 10:16:25,search,2014
91965,1272,2026-09-28 20:24:08,search,2015
91966,1272,2026-09-28 13:26:07,view,2016
91967,1272,2026-09-28 17:02:13,view,2017
91968,1137,2026-09-28 15:00:38,search,2018
91969,1137,2026-09-28 09:51:57,view,2019
91970,1137,2026-09-28 08:07:34,view,2020
91971,1246,2026-09-28 10:39:30,view,2021
91972,1246,2026-09-28 08:25:40,cart,2022
91973,1246,2026-09-28 18:27:19,view,2023
91974,1246,2026-09-28 08:38:08,view,2024
91975,1188,2026-09-28 16:59:08,view,2025
91976,1149,2026-09-28 15:09:30,search,2026
91977,1108,2026-09-28 15:29:10,cart,2027
91978,1065,2026-09-28 12:19:25,cart,2028
91979,1065,2026-09-28 16:45:07,view,2029
91980,1065,2026-09-28 16:26:54,cart,2030
91981,1171,2026-09-28 17:36:58,view,2031
91982,1171,2026-09-28 16:59:56,view,2032
91983,1171,2026-09-28 20:41:46,view,2033
91984,1171,2026-09-28 20:10:18,search,2034
91985,1253,2026-09-28 17:08:57,view,2035
91986,1286,2026-09-28 11:39:09,search,2036
91987,1286,2026-09-28 14:19:50,view,2037
91988,1286,2026-09-28 09:47:22,search,2038
91989,1144,2026-09-28 18:55:12,view,2039
91990,1179,2026-09-28 08:12:48,search,2040
91991,1179,2026-09-28 16:01:28,view,2041
91992,1179,2026-09-28 16:30:14,search,2042
91993,1240,2026-09-28 09:06:47,cart,2043
91994,1240,2026-09-28 14:48:47,view,2044
91995,1240,2026-09-28 08:08:22,view,2045
91996,1240,2026-09-28 12:31:44,cart,2046
91997,1267,2026-09-28 12:28:04,view,2047
91998,1267,2026-09-28 11:07:46,search,2048
91999,1267,2026-09-28 08:51:05,cart,2049
92000,1071,2026-09-28 10:31:48,cart,2050
92001,0,2026-09-28 11:39:14,view,2051
92002,1212,2026-09-28 11:39:14,unknown,2052
92003,1298,2026-09-29 09:49:26,view,2053
92004,1298,2026-09-29 14:13:01,view,2054
92005,1298,2026-09-29 16:38:37,search,2055
92006,1298,2026-09-29 19:47:33,view,2056
92007,1040,2026-09-29 12:26:52,cart,2057
92008,1040,2026-09-29 09:18:29,cart,2058
92009,1040,2026-09-29 21:52:19,search,2059
92010,1040,2026-09-29 21:26:15,cart,2060
92011,1022,2026-09-29 10:38:06,cart,2061
92012,1022,2026-09-29 17:02:42,view,2062
92013,1296,2026-09-29 14:11:02,view,2063
92014,1296,2026-09-29 08:07:57,view,2064
92015,1296,2026-09-29 16:38:22,view,2065
92015,1296,2026-09-29 16:38:22,view,2066
92016,1289,2026-09-29 18:14:46,cart,2067
92017,1169,2026-09-29 12:55:31,search,2068
92018,1169,2026-09-29 08:28:43,search,2069
92019,1169,2026-09-29 15:35:58,view,2070
92020,1169,2026-09-29 17:25:28,view,2071
92021,1193,2026-09-29 11:27:14,view,2072
92022,1193,2026-09-29 14:48:13,view,2073
92023,1209,2026-09-29 09:57:49,cart,2074
92024,1209,2026-09-29 15:56:52,view,2075
92025,1209,2026-09-29 20:48:26,view,2076
92026,1096,2026-09-29 11:00:51,search,2077
92027,1096,2026-09-29 12:05:13,search,2078
92028,1096,2026-09-29 19:31:00,view,2079
92029,1096,2026-09-29 09:07:00,cart,2080
92030,1026,2026-09-29 18:43:32,search,2081
92031,1026,2026-09-29 10:51:26,view,2082
92032,1026,2026-09-29 10:24:02,view,2083
92033,1026,2026-09-29 18:57:19,search,2084
92033,1026,2026-09-29 18:57:19,search,2085
92034,1052,2026-09-29 08:49:51,cart,2086
92035,1052,2026-09-29 10:27:09,view,2087
92036,1251,2026-09-29 20:11:24,view,2088
92037,1251,2026-09-29 15:07:49,cart,2089
92038,1251,2026-09-29 21:49:54,search,2090
92039,1083,2026-09-29 21:40:59,search,2091
92040,1083,2026-09-29 19:19:35,search,2092
92041,1179,2026-09-29 18:36:58,view,2093
92042,1179,2026-09-29 08:47:47,search,2094
92043,1179,2026-09-29 08:38:36,cart,2095
92044,1179,2026-09-29 10:49:45,view,2096
92045,1242,2026-09-29 16:52:19,cart,2097
92046,1106,2026-09-29 20:41:20,search,2098
92047,1106,2026-09-29 20:00:31,search,2099
92048,1291,2026-09-29 08:52:16,view,2100
92048,1291,2026-09-29 08:52:16,view,2101
92049,1108,2026-09-29 15:48:01,view,2102
92050,1108,2026-09-29 21:03:53,view,2103
92051,1068,2026-09-29 12:55:18,cart,2104
92052,1068,2026-09-29 18:54:47,cart,2105
92053,1068,2026-09-29 10:05:55,search,2106
92053,1068,2026-09-29 10:05:55,search,2107
92054,1086,2026-09-29 09:02:25,search,2108
92055,1086,2026-09-29 12:43:50,cart,2109
92056,1203,2026-09-29 17:29:32,search,2110
92057,1203,2026-09-29 20:35:30,view,2111
92058,1203,2026-09-29 11:46:47,view,2112
92059,1203,2026-09-29 14:59:15,cart,2113
92060,1188,2026-09-29 11:12:34,search,2114
92061,1188,2026-09-29 10:59:14,view,2115
92062,1215,2026-09-29 16:21:30,search,2116
92063,1215,2026-09-29 17:10:10,view,2117
92064,1013,2026-09-29 17:32:49,view,2118
92065,1294,2026-09-29 21:00:42,view,2119
92066,1294,2026-09-29 15:52:16,cart,2120
92067,1294,2026-09-29 21:21:54,view,2121
92068,1134,2026-09-29 20:00:19,view,2122
92069,1134,2026-09-29 18:24:37,cart,2123
92070,1255,2026-09-29 14:05:19,cart,2124
92071,1255,2026-09-29 10:57:55,search,2125
92072,1255,2026-09-29 20:36:31,view,2126
92073,1222,2026-09-29 10:51:08,view,2127
92074,1222,2026-09-29 15:53:25,view,2128
92074,1222,2026-09-29 15:53:25,view,2129
92075,1221,2026-09-29 18:04:50,view,2130
92076,1132,2026-09-29 10:18:08,cart,2131
92077,1132,2026-09-29 21:01:53,view,2132
92078,1132,2026-09-29 09:56:33,cart,2133
92078,1132,2026-09-29 09:56:33,cart,2134
92079,1032,2026-09-29 14:34:54,search,2135
92080,1238,2026-09-29 12:47:23,cart,2136
92081,1238,2026-09-29 18:18:35,cart,2137
92082,1238,2026-09-29 09:26:07,cart,2138
92083,1238,2026-09-29 20:05:46,cart,2139
92084,1049,2026-09-29 20:39:31,cart,2140
92085,1049,2026-09-29 20:56:01,cart,2141
92086,1049,2026-09-29 09:09:26,search,2142
92087,1049,2026-09-29 15:24:17,cart,2143
92088,1282,2026-09-29 10:55:11,cart,2144
92089,1282,2026-09-29 10:04:03,view,2145
92090,1282,2026-09-29 11:15:30,view,2146
92091,1282,2026-09-29 14:27:40,cart,2147
92092,1243,2026-09-29 20:21:42,view,2148
92093,1184,2026-09-29 13:29:06,view,2149
92094,1184,2026-09-29 08:08:34,view,2150
92095,1184,2026-09-29 17:49:40,cart,2151
92096,1184,2026-09-29 08:15:08,cart,2152
92097,1168,2026-09-29 17:13:06,cart,2153
92098,1168,2026-09-29 20:27:23,cart,2154
92099,1187,2026-09-29 19:20:46,search,2155
92100,1187,2026-09-29 09:11:48,cart,2156
92100,1187,2026-09-29 09:11:48,cart,2157
92101,1228,2026-09-29 09:17:10,view,2158
92102,1035,2026-09-29 18:50:15,view,2159
92103,1252,2026-09-29 11:25:13,cart,2160
92104,1252,2026-09-29 14:06:39,search,2161
92105,1252,2026-09-29 14:01:20,view,2162
92106,1252,2026-09-29 14:33:52,search,2163
92107,1174,2026-09-29 17:23:31,cart,2164
92108,1174,2026-09-29 20:29:39,search,2165
92109,1213,2026-09-29 15:34:48,view,2166
92110,1213,2026-09-29 19:15:32,search,2167
92111,1213,2026-09-29 21:58:52,cart,2168
92112,1213,2026-09-29 21:14:04,search,2169
92113,1094,2026-09-29 09:24:10,view,2170
92114,1094,2026-09-29 10:31:55,search,2171
92115,1094,2026-09-29 18:32:14,search,2172
92116,1059,2026-09-29 18:30:21,cart,2173
92117,1297,2026-09-29 10:01:54,cart,2174
92118,1297,2026-09-29 09:03:28,view,2175
92119,1297,2026-09-29 11:47:10,cart,2176
92120,1297,2026-09-29 11:51:04,view,2177
92121,1118,2026-09-29 11:36:36,cart,2178
92122,1003,2026-09-29 14:23:29,view,2179
92123,1003,2026-09-29 10:00:36,cart,2180
92124,1199,2026-09-29 19:13:55,cart,2181
92125,1199,2026-09-29 14:00:12,view,2182
92126,1273,2026-09-29 19:14:06,cart,2183
92127,1273,2026-09-29 15:34:21,view,2184
92128,1273,2026-09-29 20:45:43,view,2185
92129,1273,2026-09-29 16:13:46,view,2186
92130,1104,2026-09-29 08:29:33,cart,2187
92131,1104,2026-09-29 16:36:09,view,2188
92132,1263,2026-09-29 19:20:17,cart,2189
92133,1263,2026-09-29 08:28:58,cart,2190
92134,1263,2026-09-29 10:16:30,view,2191
92135,1064,2026-09-29 14:17:42,cart,2192
92136,1064,2026-09-29 21:48:11,view,2193
92137,1287,2026-09-29 15:02:49,search,2194
92138,1287,2026-09-29 12:00:40,view,2195
92139,1287,2026-09-29 12:15:53,view,2196
92140,1287,2026-09-29 15:59:25,view,2197
92141,1021,2026-09-29 17:56:55,search,2198
92142,1025,2026-09-29 15:50:14,view,2199
92143,1025,2026-09-29 14:56:23,view,2200
92144,1025,2026-09-29 17:27:57,search,2201
92145,1231,2026-09-29 18:00:39,view,2202
92146,1231,2026-09-29 19:41:31,view,2203
92147,1099,2026-09-29 10:25:41,search,2204
92148,1099,2026-09-29 14:46:44,view,2205
92149,1183,2026-09-29 20:01:21,cart,2206
92150,1183,2026-09-29 20:40:32,search,2207
92151,1183,2026-09-29 17:05:18,view,2208
92152,1183,2026-09-29 08:07:46,search,2209
92153,1105,2026-09-29 20:09:43,cart,2210
92154,1142,2026-09-29 15:09:51,cart,2211
92155,1137,2026-09-29 18:06:06,search,2212
92156,1137,2026-09-29 20:19:50,search,2213
92157,1137,2026-09-29 08:36:56,view,2214
92158,1279,2026-09-29 09:49:40,cart,2215
92159,1146,2026-09-29 15:13:00,view,2216
92160,1146,2026-09-29 19:22:50,view,2217
92161,1236,2026-09-29 20:34:15,view,2218
92162,1236,2026-09-29 08:53:11,search,2219
92163,1270,2026-09-29 13:34:01,cart,2220
92164,1270,2026-09-29 17:23:20,view,2221
92165,1103,2026-09-29 21:49:11,view,2222
92166,1286,2026-09-29 12:14:04,view,2223
92167,1286,2026-09-29 13:47:35,view,2224
92168,1201,2026-09-29 20:12:40,cart,2225
92169,1201,2026-09-29 11:46:17,cart,2226
92170,1027,2026-09-29 09:42:38,search,2227
92171,1027,2026-09-29 17:21:34,search,2228
92172,1027,2026-09-29 12:58:28,cart,2229
92173,1027,2026-09-29 14:26:32,view,2230
92174,1050,2026-09-29 09:57:58,view,2231
92175,1050,2026-09-29 16:03:44,cart,2232
92176,1050,2026-09-29 12:18:16,cart,2233
92177,1093,2026-09-29 21:34:59,view,2234
92178,1001,2026-09-29 21:38:16,search,2235
92179,1186,2026-09-29 08:18:47,cart,2236
92180,1056,2026-09-29 13:14:13,view,2237
92181,1292,2026-09-29 15:23:29,view,2238
92182,1111,2026-09-29 16:42:34,cart,2239
92183,1111,2026-09-29 12:52:23,view,2240
92184,1111,2026-09-29 14:57:07,view,2241
92185,1061,2026-09-29 12:37:10,search,2242
92186,1061,2026-09-29 20:55:24,search,2243
92187,1095,2026-09-29 19:30:27,search,2244
92188,1095,2026-09-29 15:19:18,cart,2245
92189,1060,2026-09-29 12:18:18,view,2246
92190,1060,2026-09-29 14:14:54,view,2247
92191,1060,2026-09-29 18:54:40,view,2248
92192,1065,2026-09-29 14:33:27,view,2249
92193,1065,2026-09-29 20:34:25,cart,2250
92194,1065,2026-09-29 10:41:40,cart,2251
92195,1065,2026-09-29 19:02:16,view,2252
92196,1067,2026-09-29 17:27:14,search,2253
92197,1067,2026-09-29 09:06:14,search,2254
92198,1067,2026-09-29 08:06:16,search,2255
92199,1067,2026-09-29 18:46:30,search,2256
92200,1284,2026-09-29 10:36:59,search,2257
92201,1284,2026-09-29 13:59:41,search,2258
92202,1066,2026-09-29 10:08:39,search,2259
92203,1147,2026-09-29 20:53:14,view,2260
92204,1147,2026-09-29 15:34:40,cart,2261
92205,1147,2026-09-29 09:24:26,cart,2262
92206,1147,2026-09-29 13:40:28,view,2263
92207,1153,2026-09-29 11:44:30,cart,2264
92208,1153,2026-09-29 11:21:24,cart,2265
92209,1153,2026-09-29 14:01:31,view,2266
92210,1211,2026-09-29 15:42:09,cart,2267
92211,1211,2026-09-29 12:26:10,view,2268
92212,1162,2026-09-29 19:54:43,view,2269
92213,1162,2026-09-29 10:14:08,cart,2270
92214,1162,2026-09-29 19:06:35,cart,2271
92215,1162,2026-09-29 13:55:33,search,2272
92216,1181,2026-09-29 17:00:04,view,2273
92217,1155,2026-09-29 12:38:59,cart,2274
92218,1155,2026-09-29 10:31:52,search,2275
92219,1233,2026-09-29 13:12:13,view,2276
92220,1233,2026-09-29 21:59:25,view,2277
92221,1229,2026-09-29 20:27:14,view,2278
92222,1229,2026-09-29 17:03:29,search,2279
92223,1120,2026-09-29 19:56:48,view,2280
92224,1112,2026-09-29 18:08:13,cart,2281
92225,1112,2026-09-29 15:25:39,view,2282
92226,1036,2026-09-29 08:18:25,search,2283
92227,1036,2026-09-29 20:13:34,cart,2284
92228,1224,2026-09-29 12:18:30,cart,2285
92229,1078,2026-09-29 18:31:50,cart,2286
92230,1078,2026-09-29 21:14:10,cart,2287
92231,1078,2026-09-29 11:18:46,view,2288
92232,1090,2026-09-29 16:32:20,view,2289
92233,1090,2026-09-29 10:21:53,view,2290
92233,1090,2026-09-29 10:21:53,view,2291
92234,1090,2026-09-29 09:15:59,view,2292
92235,1092,2026-09-29 21:25:24,cart,2293
92236,1092,2026-09-29 21:35:54,view,2294
92237,1092,2026-09-29 18:11:32,view,2295
92238,1092,2026-09-29 17:01:04,search,2296
92239,1054,2026-09-29 17:29:04,search,2297
92240,1014,2026-09-29 13:04:12,search,2298
92241,1014,2026-09-29 15:51:49,cart,2299
92242,1014,2026-09-29 13:31:34,search,2300
92243,1014,2026-09-29 15:34:25,view,2301
92244,1123,2026-09-29 20:49:06,view,2302
92245,1123,2026-09-29 16:20:44,view,2303
92246,1123,2026-09-29 08:35:29,cart,2304
92247,1159,2026-09-29 14:02:41,view,2305
92248,1159,2026-09-29 21:19:33,view,2306
92249,1075,2026-09-29 14:17:40,view,2307
92250,1125,2026-09-29 12:47:11,view,2308
92251,1269,2026-09-29 20:18:20,search,2309
92252,1098,2026-09-29 09:43:11,view,2310
92253,1098,2026-09-29 15:00:58,view,2311
92254,1098,2026-09-29 14:05:10,search,2312
92255,1098,2026-09-29 10:28:07,cart,2313
92256,1029,2026-09-29 14:28:37,view,2314
92257,1143,2026-09-29 18:57:21,view,2315
92258,1143,2026-09-29 13:44:01,view,2316
92259,1143,2026-09-29 11:33:46,view,2317
92260,1034,2026-09-29 10:18:08,search,2318
92261,1034,2026-09-29 20:32:27,search,2319
92262,1034,2026-09-29 16:33:37,view,2320
92263,1034,2026-09-29 13:17:17,cart,2321
92264,1266,2026-09-29 12:29:14,search,2322
92265,1266,2026-09-29 08:13:32,view,2323
92265,1266,2026-09-29 08:13:32,view,2324
92266,1266,2026-09-29 09:09:42,cart,2325
92267,1266,2026-09-29 13:29:48,cart,2326
92268,1152,2026-09-29 09:46:54,cart,2327
92269,1152,2026-09-29 11:08:34,view,2328
92270,1152,2026-09-29 09:32:35,search,2329
92271,1198,2026-09-29 11:19:05,view,2330
92272,1198,2026-09-29 19:57:47,search,2331
92273,1198,2026-09-29 19:19:22,search,2332
92274,1198,2026-09-29 18:04:09,search,2333
92275,1258,2026-09-29 19:43:09,search,2334
92276,1258,2026-09-29 21:35:16,cart,2335
92277,1202,2026-09-29 21:31:01,view,2336
92278,1202,2026-09-29 19:07:46,cart,2337
92279,1202,2026-09-29 19:56:11,view,2338
92280,1202,2026-09-29 12:43:19,cart,2339
92281,1150,2026-09-29 17:24:57,cart,2340
92282,1136,2026-09-29 18:06:17,view,2341
92283,1136,2026-09-29 20:10:47,cart,2342
92284,1136,2026-09-29 10:28:24,cart,2343
92285,1140,2026-09-29 09:32:54,cart,2344
92286,1140,2026-09-29 15:29:13,view,2345
92287,1158,2026-09-29 16:57:41,search,2346
92288,1234,2026-09-29 11:18:28,search,2347
92289,1010,2026-09-29 08:33:37,view,2348
92290,1010,2026-09-29 16:58:51,view,2349
92291,1010,2026-09-29 15:13:54,view,2350
92292,1248,2026-09-29 10:02:07,view,2351
92293,1248,2026-09-29 17:40:54,view,2352
92294,1248,2026-09-29 11:03:27,view,2353
92295,1248,2026-09-29 18:47:27,search,2354
92296,1154,2026-09-29 21:38:23,view,2355
92297,1154,2026-09-29 15:13:16,search,2356
92298,1154,2026-09-29 12:50:24,view,2357
92299,1076,2026-09-29 21:09:48,view,2358
92300,1076,2026-09-29 13:54:11,cart,2359
92301,1182,2026-09-29 13:30:16,view,2360
92302,1267,2026-09-29 14:24:52,view,2361
92303,1175,2026-09-29 17:29:42,search,2362
92304,1175,2026-09-29 09:03:26,cart,2363
92305,1175,2026-09-29 20:54:40,search,2364
92306,1205,2026-09-29 20:58:19,view,2365
92307,1205,2026-09-29 21:36:09,view,2366
92308,1205,2026-09-29 08:51:47,view,2367
92309,1048,2026-09-29 17:24:20,search,2368
92310,1048,2026-09-29 09:34:40,view,2369
92311,1047,2026-09-29 19:35:03,search,2370
92312,1047,2026-09-29 18:21:44,search,2371
92313,1189,2026-09-29 17:48:58,view,2372
92314,1189,2026-09-29 21:41:45,view,2373
92315,1189,2026-09-29 17:25:53,view,2374
92315,1189,2026-09-29 17:25:53,view,2375
92316,1127,2026-09-29 20:55:25,search,2376
92317,1005,2026-09-29 11:30:42,cart,2377
92318,1141,2026-09-29 13:12:29,view,2378
92319,1249,2026-09-29 20:51:25,view,2379
92320,1241,2026-09-29 20:51:13,view,2380
92321,1072,2026-09-29 09:21:11,view,2381
92322,1072,2026-09-29 19:45:56,search,2382
92323,1072,2026-09-29 17:02:33,view,2383
92324,1020,2026-09-29 21:15:57,view,2384
92325,1020,2026-09-29 20:52:16,cart,2385
92326,1020,2026-09-29 11:21:50,view,2386
92327,1020,2026-09-29 16:34:03,cart,2387
92328,1045,2026-09-29 09:46:13,view,2388
92329,1006,2026-09-29 19:03:43,view,2389
92330,1006,2026-09-29 14:54:29,view,2390
92331,1004,2026-09-29 17:15:58,view,2391
92332,1071,2026-09-29 14:34:18,search,2392
92333,1071,2026-09-29 12:56:44,search,2393
92334,1071,2026-09-29 14:29:55,view,2394
92335,1261,2026-09-29 15:11:41,view,2395
92336,1261,2026-09-29 20:52:30,cart,2396
92336,1261,2026-09-29 20:52:30,cart,2397
92337,1015,2026-09-29 17:08:19,cart,2398
92338,1073,2026-09-29 13:20:23,view,2399
92339,1073,2026-09-29 20:25:27,view,2400
92340,1073,2026-09-29 12:25:42,search,2401
92341,1073,2026-09-29 14:31:34,view,2402
92342,1055,2026-09-29 12:43:09,search,2403
92343,1055,2026-09-29 16:20:49,cart,2404
92344,1055,2026-09-29 13:30:51,view,2405
92345,1192,2026-09-29 17:33:58,search,2406
92346,1109,2026-09-29 14:23:38,search,2407
92347,1109,2026-09-29 16:50:08,cart,2408
92348,1109,2026-09-29 09:04:09,view,2409
92349,1151,2026-09-29 15:40:19,search,2410
92350,1151,2026-09-29 16:18:14,search,2411
92351,1151,2026-09-29 12:14:46,view,2412
92352,1062,2026-09-29 11:31:54,search,2413
92353,1062,2026-09-29 11:34:15,cart,2414
92354,1062,2026-09-29 14:45:32,cart,2415
92355,1097,2026-09-29 17:01:22,cart,2416
92356,1070,2026-09-29 09:08:13,search,2417
92357,1070,2026-09-29 17:39:44,search,2418
92358,1070,2026-09-29 12:12:17,cart,2419
92359,1018,2026-09-29 08:38:57,view,2420
92360,1018,2026-09-29 18:59:20,view,2421
92361,1171,2026-09-29 08:14:10,view,2422
92362,1171,2026-09-29 11:06:36,view,2423
92363,1171,2026-09-29 18:17:26,view,2424
92364,1171,2026-09-29 08:01:38,view,2425
92365,1079,2026-09-29 13:58:17,view,2426
92366,1079,2026-09-29 08:28:25,view,2427
92367,1079,2026-09-29 08:33:21,view,2428
92368,1028,2026-09-29 17:23:06,view,2429
92369,1028,2026-09-29 21:38:39,cart,2430
92370,1028,2026-09-29 21:41:12,cart,2431
92371,1285,2026-09-29 12:55:25,view,2432
92372,1285,2026-09-29 20:57:15,cart,2433
92373,1053,2026-09-29 12:35:49,view,2434
92374,1053,2026-09-29 16:14:41,view,2435
92375,1053,2026-09-29 12:54:06,cart,2436
92376,1053,2026-09-29 12:44:53,view,2437
92377,1239,2026-09-29 21:04:41,view,2438
92377,1239,2026-09-29 21:04:41,view,2439
92378,1239,2026-09-29 10:35:20,view,2440
92379,1239,2026-09-29 08:03:34,cart,2441
92380,1080,2026-09-29 09:32:57,search,2442
92381,1080,2026-09-29 11:34:06,search,2443
92382,1080,2026-09-29 20:38:35,search,2444
92383,1080,2026-09-29 20:52:12,view,2445
92384,1101,2026-09-29 20:28:21,view,2446
92385,1101,2026-09-29 20:56:06,view,2447
92386,1101,2026-09-29 19:05:00,cart,2448
92387,1016,2026-09-29 09:17:17,search,2449
92388,1016,2026-09-29 11:29:12,view,2450
92389,1016,2026-09-29 19:38:49,search,2451
92390,1232,2026-09-29 19:27:04,view,2452
92391,1033,2026-09-29 20:15:58,view,2453
92392,1033,2026-09-29 13:57:06,search,2454
92392,1033,2026-09-29 13:57:06,search,2455
92393,1033,2026-09-29 09:12:10,view,2456
92394,1033,2026-09-29 13:53:32,view,2457
92395,1030,2026-09-29 11:38:18,search,2458
92396,1030,2026-09-29 16:09:17,view,2459
92397,1030,2026-09-29 12:34:28,view,2460
92398,0,2026-09-29 18:45:03,view,2461
92399,1215,2026-09-29 18:45:03,unknown,2462
92400,1217,2026-09-30 11:45:07,view,2463
92401,1217,2026-09-30 21:06:55,view,2464
92401,1217,2026-09-30 21:06:55,view,2465
92402,1217,2026-09-30 14:47:36,view,2466
92403,1192,2026-09-30 18:10:53,view,2467
92404,1192,2026-09-30 08:11:28,search,2468
92405,1112,2026-09-30 14:28:28,view,2469
92406,1112,2026-09-30 20:41:02,view,2470
92407,1112,2026-09-30 08:01:18,view,2471
92408,1284,2026-09-30 19:14:34,view,2472
92409,1143,2026-09-30 20:35:57,search,2473
92410,1143,2026-09-30 21:03:28,cart,2474
92411,1143,2026-09-30 10:03:54,view,2475
92412,1143,2026-09-30 15:44:30,view,2476
92413,1283,2026-09-30 11:38:15,view,2477
92414,1164,2026-09-30 21:16:15,view,2478
92415,1164,2026-09-30 18:38:13,search,2479
92416,1164,2026-09-30 18:30:32,search,2480
92417,1242,2026-09-30 08:56:34,view,2481
92418,1242,2026-09-30 10:41:25,cart,2482
92419,1242,2026-09-30 20:58:40,view,2483
92420,1008,2026-09-30 21:20:17,view,2484
92421,1069,2026-09-30 14:17:50,view,2485
92422,1121,2026-09-30 20:37:54,search,2486
92423,1183,2026-09-30 14:09:05,view,2487
92424,1183,2026-09-30 16:00:44,view,2488
92425,1183,2026-09-30 20:20:21,view,2489
92426,1183,2026-09-30 18:45:17,view,2490
92427,1142,2026-09-30 16:01:22,search,2491
92428,1142,2026-09-30 11:12:25,search,2492
92429,1142,2026-09-30 21:16:53,cart,2493
92430,1142,2026-09-30 20:23:28,search,2494
92431,1257,2026-09-30 13:06:49,view,2495
92432,1257,2026-09-30 18:12:17,search,2496
92433,1203,2026-09-30 17:46:51,search,2497
92434,1203,2026-09-30 13:39:22,view,2498
92435,1203,2026-09-30 20:09:54,cart,2499
92436,1203,2026-09-30 21:31:58,cart,2500
92437,1089,2026-09-30 20:07:16,cart,2501
92438,1089,2026-09-30 17:29:40,view,2502
92439,1089,2026-09-30 16:53:44,view,2503
92440,1015,2026-09-30 15:43:54,view,2504
92441,1031,2026-09-30 14:06:56,view,2505
92442,1098,2026-09-30 14:00:09,search,2506
92443,1098,2026-09-30 15:50:09,view,2507
92444,1098,2026-09-30 16:00:27,view,2508
92445,1098,2026-09-30 20:10:16,cart,2509
92446,1172,2026-09-30 11:29:52,search,2510
92447,1188,2026-09-30 11:01:07,search,2511
92448,1188,2026-09-30 12:40:00,cart,2512
92449,1096,2026-09-30 18:04:17,view,2513
92450,1139,2026-09-30 12:49:30,search,2514
92451,1139,2026-09-30 12:18:55,view,2515
92452,1007,2026-09-30 11:00:15,cart,2516
92453,1007,2026-09-30 18:38:52,view,2517
92454,1179,2026-09-30 13:29:09,view,2518
92455,1179,2026-09-30 14:12:49,view,2519
92456,1179,2026-09-30 13:30:01,cart,2520
92457,1025,2026-09-30 15:28:52,cart,2521
92458,1134,2026-09-30 12:35:55,view,2522
92459,1044,2026-09-30 19:58:25,cart,2523
92460,1044,2026-09-30 11:49:59,view,2524
92461,1044,2026-09-30 14:32:32,view,2525
92462,1044,2026-09-30 13:54:43,cart,2526
92463,1149,2026-09-30 08:25:59,cart,2527
92464,1149,2026-09-30 09:49:14,search,2528
92465,1149,2026-09-30 08:54:24,cart,2529
92466,1149,2026-09-30 21:25:35,search,2530
92467,1022,2026-09-30 19:10:12,search,2531
92468,1177,2026-09-30 15:56:24,search,2532
92469,1138,2026-09-30 13:26:00,view,2533
92470,1178,2026-09-30 08:50:01,search,2534
92470,1178,2026-09-30 08:50:01,search,2535
92471,1178,2026-09-30 19:54:03,cart,2536
92472,1178,2026-09-30 10:27:40,view,2537
92473,1097,2026-09-30 20:28:01,search,2538
92474,1097,2026-09-30 17:41:26,view,2539
92475,1097,2026-09-30 16:51:54,view,2540
92476,1097,2026-09-30 11:49:24,cart,2541
92477,1038,2026-09-30 14:50:25,view,2542
92478,1038,2026-09-30 10:23:04,view,2543
92479,1038,2026-09-30 09:00:10,search,2544
92480,1038,2026-09-30 14:05:23,view,2545
92481,1030,2026-09-30 17:40:40,search,2546
92482,1170,2026-09-30 10:54:17,cart,2547
92483,1016,2026-09-30 10:55:10,view,2548
92484,1016,2026-09-30 13:43:52,search,2549
92485,1296,2026-09-30 17:42:37,cart,2550
92486,1296,2026-09-30 15:36:55,search,2551
92487,1296,2026-09-30 17:31:08,view,2552
92488,1296,2026-09-30 11:53:32,view,2553
92489,1010,2026-09-30 17:35:38,view,2554
92490,1010,2026-09-30 11:43:43,view,2555
92491,1010,2026-09-30 20:24:18,view,2556
92492,1293,2026-09-30 10:01:09,search,2557
92493,1293,2026-09-30 10:53:28,view,2558
92494,1293,2026-09-30 13:17:15,view,2559
92495,1040,2026-09-30 21:18:14,view,2560
92496,1085,2026-09-30 09:52:43,view,2561
92497,1085,2026-09-30 20:08:40,search,2562
92498,1191,2026-09-30 13:52:14,view,2563
92499,1294,2026-09-30 09:26:26,search,2564
92500,1068,2026-09-30 13:13:39,view,2565
92501,1068,2026-09-30 12:53:42,view,2566
92502,1068,2026-09-30 12:11:57,view,2567
92503,1036,2026-09-30 20:07:52,view,2568
92504,1291,2026-09-30 18:54:16,cart,2569
92505,1291,2026-09-30 13:05:17,view,2570
92506,1034,2026-09-30 13:14:23,search,2571
92507,1034,2026-09-30 13:44:38,view,2572
92508,1169,2026-09-30 12:00:51,view,2573
92509,1093,2026-09-30 21:54:49,search,2574
92510,1093,2026-09-30 12:07:53,search,2575
92511,1084,2026-09-30 15:27:39,view,2576
92512,1084,2026-09-30 14:23:33,search,2577
92513,1084,2026-09-30 09:54:48,view,2578
92514,1084,2026-09-30 21:20:36,cart,2579
92515,1146,2026-09-30 19:28:21,view,2580
92516,1146,2026-09-30 21:02:36,view,2581
92517,1073,2026-09-30 15:18:16,view,2582
92518,1073,2026-09-30 19:45:42,view,2583
92519,1073,2026-09-30 14:15:26,cart,2584
92520,1073,2026-09-30 08:30:26,cart,2585
92521,1228,2026-09-30 10:37:09,view,2586
92522,1228,2026-09-30 15:52:23,search,2587
92523,1278,2026-09-30 17:42:28,cart,2588
92523,1278,2026-09-30 17:42:28,cart,2589
92524,1278,2026-09-30 12:31:03,cart,2590
92525,1270,2026-09-30 08:38:08,cart,2591
92526,1021,2026-09-30 14:28:03,cart,2592
92527,1223,2026-09-30 13:59:21,view,2593
92528,1033,2026-09-30 11:16:50,view,2594
92529,1033,2026-09-30 18:21:06,view,2595
92530,1033,2026-09-30 13:36:25,view,2596
92531,1033,2026-09-30 17:19:38,view,2597
92532,1248,2026-09-30 11:20:48,cart,2598
92533,1248,2026-09-30 20:41:06,cart,2599
92534,1279,2026-09-30 17:26:57,cart,2600
92535,1279,2026-09-30 16:35:20,cart,2601
92536,1245,2026-09-30 15:43:14,view,2602
92537,1245,2026-09-30 17:09:34,cart,2603
92538,1208,2026-09-30 18:41:02,search,2604
92539,1208,2026-09-30 17:59:23,view,2605
92540,1208,2026-09-30 19:46:40,view,2606
92541,1042,2026-09-30 18:36:40,cart,2607
92542,1042,2026-09-30 18:44:07,search,2608
92543,1042,2026-09-30 17:12:14,view,2609
92544,1042,2026-09-30 17:10:55,view,2610
92545,1114,2026-09-30 16:01:46,view,2611
92546,1114,2026-09-30 09:56:49,cart,2612
92547,1048,2026-09-30 08:11:38,view,2613
92548,1048,2026-09-30 08:34:19,view,2614
92549,1048,2026-09-30 08:16:13,cart,2615
92550,1048,2026-09-30 10:50:47,cart,2616
92551,1231,2026-09-30 15:13:52,view,2617
92552,1029,2026-09-30 11:54:31,cart,2618
92553,1012,2026-09-30 09:27:54,view,2619
92554,1017,2026-09-30 17:32:28,view,2620
92555,1017,2026-09-30 18:40:28,view,2621
92556,1017,2026-09-30 16:20:40,cart,2622
92557,1017,2026-09-30 14:31:38,search,2623
92558,1211,2026-09-30 13:21:02,view,2624
92559,1211,2026-09-30 09:46:22,view,2625
92560,1211,2026-09-30 13:48:03,cart,2626
92561,1205,2026-09-30 09:51:05,search,2627
92562,1205,2026-09-30 12:51:10,view,2628
92563,1071,2026-09-30 15:35:02,search,2629
92564,1071,2026-09-30 16:10:43,cart,2630
92565,1063,2026-09-30 21:33:45,view,2631
92566,1163,2026-09-30 12:30:58,cart,2632
92567,1163,2026-09-30 21:21:43,view,2633
92568,1064,2026-09-30 16:30:46,search,2634
92569,1064,2026-09-30 20:09:40,view,2635
92570,1113,2026-09-30 11:54:25,search,2636
92571,1113,2026-09-30 19:16:29,view,2637
92572,1113,2026-09-30 13:17:42,cart,2638
92573,1113,2026-09-30 17:03:44,search,2639
92574,1216,2026-09-30 20:25:51,cart,2640
92575,1176,2026-09-30 09:39:22,cart,2641
92576,1176,2026-09-30 12:32:11,cart,2642
92577,1176,2026-09-30 12:27:03,search,2643
92578,1232,2026-09-30 17:49:26,view,2644
92579,1238,2026-09-30 18:23:06,view,2645
92580,1238,2026-09-30 11:11:57,search,2646
92581,1238,2026-09-30 16:59:51,cart,2647
92582,1238,2026-09-30 13:06:04,cart,2648
92583,1287,2026-09-30 14:22:16,search,2649
92584,1287,2026-09-30 10:18:42,view,2650
92585,1272,2026-09-30 10:20:38,search,2651
92586,1080,2026-09-30 21:42:12,search,2652
92587,1080,2026-09-30 21:18:57,search,2653
92588,1077,2026-09-30 17:05:04,view,2654
92589,1077,2026-09-30 19:13:59,search,2655
92590,1077,2026-09-30 15:42:10,search,2656
92591,1202,2026-09-30 15:05:33,view,2657
92592,1202,2026-09-30 13:32:58,view,2658
92593,1202,2026-09-30 15:16:25,view,2659
92594,1246,2026-09-30 14:12:57,search,2660
92595,1246,2026-09-30 14:34:21,view,2661
92596,1246,2026-09-30 12:32:09,view,2662
92597,1259,2026-09-30 09:21:20,view,2663
92598,1259,2026-09-30 09:29:17,view,2664
92599,1259,2026-09-30 14:20:41,cart,2665
92600,1074,2026-09-30 20:47:46,view,2666
92601,1074,2026-09-30 16:51:32,view,2667
92602,1236,2026-09-30 21:01:33,cart,2668
92603,1236,2026-09-30 09:47:03,cart,2669
92604,1116,2026-09-30 17:59:54,view,2670
92605,1116,2026-09-30 12:09:51,view,2671
92606,1116,2026-09-30 19:30:58,search,2672
92607,1116,2026-09-30 10:51:28,view,2673
92608,1161,2026-09-30 20:38:30,view,2674
92609,1126,2026-09-30 15:57:48,search,2675
92610,1126,2026-09-30 13:47:36,view,2676
92611,1126,2026-09-30 12:19:31,view,2677
92612,1239,2026-09-30 09:12:49,cart,2678
92613,1070,2026-09-30 21:27:17,search,2679
92614,1252,2026-09-30 21:42:54,cart,2680
92615,1252,2026-09-30 10:09:56,view,2681
92616,1252,2026-09-30 19:25:25,search,2682
92617,1252,2026-09-30 14:24:16,search,2683
92618,1253,2026-09-30 09:13:41,view,2684
92619,1253,2026-09-30 14:36:41,search,2685
92620,1292,2026-09-30 21:52:45,search,2686
92621,1292,2026-09-30 20:37:02,view,2687
92622,1292,2026-09-30 09:23:44,view,2688
92623,1157,2026-09-30 09:34:45,view,2689
92624,1157,2026-09-30 08:46:40,view,2690
92625,1157,2026-09-30 20:40:23,search,2691
92626,1157,2026-09-30 08:36:13,search,2692
92627,1155,2026-09-30 14:07:59,view,2693
92628,1155,2026-09-30 18:27:45,cart,2694
92629,1155,2026-09-30 19:58:28,view,2695
92630,1155,2026-09-30 11:26:34,view,2696
92631,1167,2026-09-30 08:42:38,search,2697
92632,1167,2026-09-30 09:56:32,view,2698
92633,1167,2026-09-30 08:39:54,view,2699
92634,1167,2026-09-30 10:36:51,view,2700
92635,1124,2026-09-30 11:01:39,search,2701
92636,1124,2026-09-30 17:44:45,view,2702
92637,1124,2026-09-30 12:37:32,view,2703
92638,1132,2026-09-30 10:31:26,cart,2704
92639,1132,2026-09-30 14:36:00,search,2705
92640,1132,2026-09-30 10:44:24,view,2706
92641,1132,2026-09-30 11:14:24,view,2707
92642,1020,2026-09-30 10:33:26,view,2708
92643,1166,2026-09-30 19:36:40,view,2709
92644,1046,2026-09-30 09:25:49,search,2710
92645,1046,2026-09-30 20:13:41,search,2711
92646,1154,2026-09-30 17:36:49,cart,2712
92647,1154,2026-09-30 15:27:14,view,2713
92648,1154,2026-09-30 13:32:40,cart,2714
92649,1091,2026-09-30 12:09:10,view,2715
92650,1091,2026-09-30 13:40:57,search,2716
92651,1295,2026-09-30 20:42:23,search,2717
92652,1295,2026-09-30 20:12:07,view,2718
92653,1212,2026-09-30 16:48:54,cart,2719
92654,1212,2026-09-30 15:47:28,cart,2720
92655,1187,2026-09-30 09:35:44,view,2721
92656,1187,2026-09-30 08:48:14,search,2722
92657,1187,2026-09-30 19:01:01,view,2723
92658,1076,2026-09-30 12:55:40,view,2724
92659,1076,2026-09-30 08:30:15,search,2725
92660,1076,2026-09-30 12:57:10,cart,2726
92661,1106,2026-09-30 11:53:29,view,2727
92662,1106,2026-09-30 17:37:02,view,2728
92663,1109,2026-09-30 20:19:29,view,2729
92664,1250,2026-09-30 21:07:10,cart,2730
92665,1250,2026-09-30 17:02:47,cart,2731
92666,1250,2026-09-30 09:11:49,search,2732
92667,1247,2026-09-30 17:38:41,cart,2733
92668,1247,2026-09-30 16:38:43,search,2734
92669,1247,2026-09-30 09:19:28,cart,2735
92670,1247,2026-09-30 11:50:41,view,2736
92671,1075,2026-09-30 08:14:03,view,2737
92672,1225,2026-09-30 17:24:52,cart,2738
92673,1225,2026-09-30 20:50:39,cart,2739
92674,1225,2026-09-30 18:15:48,view,2740
92675,1087,2026-09-30 20:54:02,search,2741
92676,1087,2026-09-30 21:23:17,cart,2742
92677,1241,2026-09-30 20:50:33,cart,2743
92678,1241,2026-09-30 15:07:52,view,2744
92679,1241,2026-09-30 18:22:10,view,2745
92680,1060,2026-09-30 20:48:04,cart,2746
92681,1060,2026-09-30 08:14:50,search,2747
92682,1060,2026-09-30 19:57:10,search,2748
92683,1276,2026-09-30 09:22:42,search,2749
92684,1254,2026-09-30 11:06:14,view,2750
92685,1254,2026-09-30 21:44:04,search,2751
92686,1254,2026-09-30 10:22:48,cart,2752
92687,1254,2026-09-30 09:22:56,view,2753
92688,1175,2026-09-30 18:04:08,search,2754
92689,1175,2026-09-30 10:54:13,view,2755
92690,1175,2026-09-30 13:28:16,cart,2756
92691,1118,2026-09-30 14:38:46,cart,2757
92692,1200,2026-09-30 15:53:58,view,2758
92693,1023,2026-09-30 17:52:00,search,2759
92694,1023,2026-09-30 10:38:41,search,2760
92695,1023,2026-09-30 17:04:38,search,2761
92695,1023,2026-09-30 17:04:38,search,2762
92696,1023,2026-09-30 21:23:24,view,2763
92697,1135,2026-09-30 21:54:49,view,2764
92698,1135,2026-09-30 12:21:00,cart,2765
92699,1135,2026-09-30 19:48:16,view,2766
92700,1204,2026-09-30 10:39:54,search,2767
92701,1204,2026-09-30 09:18:05,view,2768
92702,1204,2026-09-30 13:07:57,view,2769
92703,1204,2026-09-30 20:27:44,view,2770
92704,1265,2026-09-30 18:34:15,view,2771
92705,1265,2026-09-30 18:46:51,search,2772
92706,1265,2026-09-30 15:09:40,view,2773
92707,1265,2026-09-30 10:12:10,view,2774
92708,1043,2026-09-30 08:24:40,view,2775
92709,1043,2026-09-30 13:53:47,cart,2776
92710,1275,2026-09-30 16:20:15,view,2777
92711,1275,2026-09-30 21:54:46,cart,2778
92712,1255,2026-09-30 13:39:22,cart,2779
92713,1255,2026-09-30 19:57:08,view,2780
92714,1255,2026-09-30 16:34:28,view,2781
92715,1255,2026-09-30 21:47:45,view,2782
92716,1185,2026-09-30 21:37:29,view,2783
92717,1185,2026-09-30 08:54:37,cart,2784
92718,1061,2026-09-30 15:07:40,view,2785
92719,1173,2026-09-30 21:14:58,view,2786
92720,1173,2026-09-30 14:08:39,view,2787
92720,1173,2026-09-30 14:08:39,view,2788
92721,1173,2026-09-30 13:27:50,view,2789
92722,1001,2026-09-30 09:24:08,view,2790
92723,1001,2026-09-30 16:22:10,cart,2791
92724,1001,2026-09-30 12:36:28,search,2792
92725,1221,2026-09-30 10:26:51,search,2793
92726,1266,2026-09-30 21:55:39,view,2794
92727,1266,2026-09-30 12:43:19,cart,2795
92728,1266,2026-09-30 09:03:59,search,2796
92729,1003,2026-09-30 18:50:40,cart,2797
92730,1003,2026-09-30 12:47:41,cart,2798
92731,1003,2026-09-30 08:19:51,search,2799
92732,1003,2026-09-30 21:25:18,search,2800
92733,1035,2026-09-30 09:02:08,view,2801
92734,1101,2026-09-30 16:15:12,view,2802
92735,1101,2026-09-30 10:56:13,view,2803
92736,1182,2026-09-30 12:23:10,view,2804
92737,1182,2026-09-30 15:04:46,search,2805
92738,1182,2026-09-30 18:25:02,search,2806
92739,1182,2026-09-30 13:02:26,view,2807
92740,1269,2026-09-30 13:44:12,view,2808
92741,1269,2026-09-30 10:16:28,view,2809
92742,1269,2026-09-30 15:32:48,view,2810
92743,1137,2026-09-30 19:49:13,search,2811
92744,1137,2026-09-30 15:05:35,search,2812
92745,1067,2026-09-30 11:42:02,search,2813
92746,1067,2026-09-30 09:58:06,view,2814
92747,1067,2026-09-30 09:01:56,search,2815
92748,1229,2026-09-30 13:16:21,search,2816
92749,1229,2026-09-30 13:59:57,view,2817
92750,1229,2026-09-30 20:32:39,view,2818
92751,1229,2026-09-30 16:46:06,cart,2819
92752,1088,2026-09-30 13:24:39,view,2820
92753,1088,2026-09-30 13:24:04,cart,2821
92754,1088,2026-09-30 19:26:33,search,2822
92755,0,2026-09-30 12:12:26,view,2823
92756,1208,2026-09-30 12:12:26,unknown,2824
